ticker,date,close
JPM,2025-09-22,306.57
JPM,2025-09-23,306.87
JPM,2025-09-24,307.54
JPM,2025-09-25,307.57
JPM,2025-09-26,310.13
JPM,2025-09-29,309.76
JPM,2025-09-30,309.51
JPM,2025-10-01,304.88
JPM,2025-10-02,301.78
JPM,2025-10-03,304.21
JPM,2025-10-06,304.85
JPM,2025-10-07,303.38
JPM,2025-10-08,299.77
JPM,2025-10-09,301.25
JPM,2025-10-10,296.68
JPM,2025-10-13,303.66
JPM,2025-10-14,297.85
JPM,2025-10-15,301.41
JPM,2025-10-16,294.36
JPM,2025-10-17,293.39
JPM,2025-10-20,298.13
JPM,2025-10-21,292.93
JPM,2025-10-22,289.99
JPM,2025-10-23,290.42
JPM,2025-10-24,296.23
JPM,2025-10-27,299.89
JPM,2025-10-28,301.08
JPM,2025-10-29,301.23
JPM,2025-10-30,305.11
JPM,2025-10-31,306.76
JPM,2025-11-03,305.02
JPM,2025-11-04,304.92
JPM,2025-11-05,307.32
JPM,2025-11-06,309.03
JPM,2025-11-07,309.81
JPM,2025-11-10,312.45
JPM,2025-11-11,311.2
JPM,2025-11-12,315.92
JPM,2025-11-13,305.15
JPM,2025-11-14,299.36
JPM,2025-11-17,296.16
JPM,2025-11-18,295.22
JPM,2025-11-19,299.02
JPM,2025-11-20,294.2
JPM,2025-11-21,293.85
JPM,2025-11-24,293.83
JPM,2025-11-25,298.76
JPM,2025-11-26,303.33
JPM,2025-11-28,308.7
JPM,2025-12-01,304.59
JPM,2025-12-02,303.57
JPM,2025-12-03,307.76
JPM,2025-12-04,311.67
JPM,2025-12-05,310.63
JPM,2025-12-08,310.8
JPM,2025-12-09,296.3
JPM,2025-12-10,305.77
JPM,2025-12-11,312.94
JPM,2025-12-12,314.06
JPM,2025-12-15,315.54
JPM,2025-12-16,311.13
JPM,2025-12-17,310.57
JPM,2025-12-18,308.62
JPM,2025-12-19,312.77
JPM,2025-12-22,318.57
JPM,2025-12-23,321.37
JPM,2025-12-24,324.56
JPM,2025-12-26,323.32
JPM,2025-12-29,319.22
JPM,2025-12-30,318.89
JPM,2025-12-31,317.71
JPM,2026-01-02,320.92
JPM,2026-01-05,329.36
JPM,2026-01-06,331.41
JPM,2026-01-07,323.87
JPM,2026-01-08,326.64
JPM,2026-01-09,326.05
JPM,2026-01-12,321.39
JPM,2026-01-13,307.93
JPM,2026-01-14,304.93
JPM,2026-01-15,306.31
JPM,2026-01-16,309.48
JPM,2026-01-20,299.85
JPM,2026-01-21,299.15
JPM,2026-01-22,300.73
JPM,2026-01-23,294.88
JPM,2026-01-26,298.16
JPM,2026-01-27,297.44
JPM,2026-01-28,297.9
JPM,2026-01-29,303.49
JPM,2026-01-30,302.97
JPM,2026-02-02,305.2
JPM,2026-02-03,311.84
JPM,2026-02-04,314.24
JPM,2026-02-05,307.2
JPM,2026-02-06,319.32
JPM,2026-02-09,319.02
JPM,2026-02-10,315.24
JPM,2026-02-11,307.85
JPM,2026-02-12,299.75
JPM,2026-02-13,299.66
JPM,2026-02-17,304.2
JPM,2026-02-18,305.83
JPM,2026-02-19,305.11
JPM,2026-02-20,307.82
JPM,2026-02-23,294.83
JPM,2026-02-24,294.46
JPM,2026-02-25,300.4
JPM,2026-02-26,303.21
JPM,2026-02-27,297.43
JPM,2026-03-02,294.72
JPM,2026-03-03,297.39
JPM,2026-03-04,296.53
JPM,2026-03-05,290.75
JPM,2026-03-06,286.71
JPM,2026-03-09,287.15
JPM,2026-03-10,285.97
JPM,2026-03-11,284.77
JPM,2026-03-12,280.19
JPM,2026-03-13,280.73
JPM,2026-03-16,283.43
JPM,2026-03-17,284.15
JPM,2026-03-18,284.99
JPM,2026-03-19,285.22
JPM,2026-03-20,283.82
JPM,2026-03-23,287.14
JPM,2026-03-24,289.61
JPM,2026-03-25,292.6
JPM,2026-03-26,288.87
JPM,2026-03-27,280.14
JPM,2026-03-30,281.06
JPM,2026-03-31,291.35
JPM,2026-04-01,292.56
JPM,2026-04-02,291.79
JPM,2026-04-06,294.12
JPM,2026-04-07,296.07
JPM,2026-04-08,306.59
JPM,2026-04-09,308.94
JPM,2026-04-10,308.48
JPM,2026-04-13,312.27
JPM,2026-04-14,309.72
JPM,2026-04-15,304.56
JPM,2026-04-16,308.56
JPM,2026-04-17,308.9
JPM,2026-04-20,315.57
JPM,2026-04-21,311.6
JPM,2026-04-22,311.62
JPM,2026-04-23,310.29
JPM,2026-04-24,306.9
JPM,2026-04-27,310.23
JPM,2026-04-28,310.05
JPM,2026-04-29,307.86
JPM,2026-04-30,311.83
JPM,2026-05-01,311.07
JPM,2026-05-04,306.27
JPM,2026-05-05,308.01
JPM,2026-05-06,313.49
JPM,2026-05-07,304.9
JPM,2026-05-08,300.75
JPM,2026-05-11,298.65
JPM,2026-05-12,303.51
JPM,2026-05-13,298.9
JPM,2026-05-14,298.57
JPM,2026-05-15,296.47
JPM,2026-05-18,299.38
JPM,2026-05-19,294.37
JPM,2026-05-20,300.63
JPM,2026-05-21,301.64
JPM,2026-05-22,305.01
JPM,2026-05-26,305.36
JPM,2026-05-27,297.94
JPM,2026-05-28,295.4
JPM,2026-05-29,297.97
JPM,2026-06-01,295.25
JPM,2026-06-02,299.61
JPM,2026-06-03,299.5
JPM,2026-06-04,309.5
JPM,2026-06-05,310.97
JPM,2026-06-08,309.71
JPM,2026-06-09,311.3
JPM,2026-06-10,307.75
JPM,2026-06-11,312.08
JPM,2026-06-12,319.28
JPM,2026-06-15,317.97
JPM,2026-06-16,329.65
JPM,2026-06-17,331.96
JPM,2026-06-18,323.76
JPM,2026-06-22,329.99
JPM,2026-06-23,332.64
JPM,2026-06-24,331.95
JPM,2026-06-25,333.62
JPM,2026-06-26,327.57
JPM,2026-06-29,327.91
JPM,2026-06-30,325.86
JPM,2026-07-01,332.57
JPM,2026-07-02,332.97
JPM,2026-07-06,337.72
JPM,2026-07-07,339.22
JPM,2026-07-08,330.62
JPM,2026-07-09,335.47
JPM,2026-07-10,336.47
JPM,2026-07-13,334.53
JPM,2026-07-14,342.89
JPM,2026-07-15,346.91
JPM,2026-07-16,343.15
JPM,2026-07-17,341.1
JPM,2026-07-20,338.87
JPM,2026-07-21,345.23
JPM,2026-07-22,348.21
JPM,2026-07-23,349.9
JPM,2026-07-24,353.21
JPM,2026-07-27,356.2
JPM,2026-07-28,357.31
JPM,2026-07-29,344.71
JPM,2026-07-30,350.85
JPM,2026-07-31,351.79
JPM,2026-08-03,352.64
JPM,2026-08-04,357.52
JPM,2026-08-05,359.24
JPM,2026-08-06,356.3
JPM,2026-08-07,357.52
JPM,2026-08-10,359.79
JPM,2026-08-11,362.04
JPM,2026-08-12,365.18
JPM,2026-08-13,363.11
JPM,2026-08-14,362.84
JPM,2026-08-17,360.96
JPM,2026-08-18,363.25
JPM,2026-08-19,357.26
JPM,2026-08-20,351.55
JPM,2026-08-21,351.58
JPM,2026-08-24,356.39
JPM,2026-08-25,356.69
JPM,2026-08-26,356.5
JPM,2026-08-27,354.22
JPM,2026-08-28,357.62
JPM,2026-08-31,356.02
JPM,2026-09-01,354.95
JPM,2026-09-02,356.22
JPM,2026-09-03,362.06
JPM,2026-09-04,358.64
JPM,2026-09-08,353.51
JPM,2026-09-09,354.71
JPM,2026-09-10,353.56
JPM,2026-09-11,356.23
JPM,2026-09-14,350.13
JPM,2026-09-15,352.49
JPM,2026-09-16,348.92
JPM,2026-09-17,349.31
JPM,2026-09-18,349.67
JPM,2026-09-21,352.2
MSFT,2025-09-22,510.25
MSFT,2025-09-23,505.07
MSFT,2025-09-24,505.99
MSFT,2025-09-25,502.89
MSFT,2025-09-26,507.29
MSFT,2025-09-29,510.4
MSFT,2025-09-30,513.72
MSFT,2025-10-01,515.47
MSFT,2025-10-02,511.53
MSFT,2025-10-03,513.13
MSFT,2025-10-06,524.26
MSFT,2025-10-07,519.7
MSFT,2025-10-08,520.57
MSFT,2025-10-09,518.14
MSFT,2025-10-10,506.79
MSFT,2025-10-13,509.86
MSFT,2025-10-14,509.38
MSFT,2025-10-15,509.24
MSFT,2025-10-16,507.43
MSFT,2025-10-17,509.39
MSFT,2025-10-20,512.57
MSFT,2025-10-21,513.44
MSFT,2025-10-22,516.29
MSFT,2025-10-23,516.31
MSFT,2025-10-24,519.34
MSFT,2025-10-27,527.18
MSFT,2025-10-28,537.65
MSFT,2025-10-29,537.13
MSFT,2025-10-30,521.47
MSFT,2025-10-31,513.58
MSFT,2025-11-03,512.81
MSFT,2025-11-04,510.13
MSFT,2025-11-05,503.02
MSFT,2025-11-06,493.04
MSFT,2025-11-07,492.77
MSFT,2025-11-10,501.87
MSFT,2025-11-11,504.53
MSFT,2025-11-12,506.97
MSFT,2025-11-13,499.18
MSFT,2025-11-14,506.02
MSFT,2025-11-17,503.35
MSFT,2025-11-18,489.76
MSFT,2025-11-19,483.14
MSFT,2025-11-20,475.41
MSFT,2025-11-21,469.14
MSFT,2025-11-24,471.01
MSFT,2025-11-25,473.98
MSFT,2025-11-26,482.44
MSFT,2025-11-28,488.91
MSFT,2025-12-01,483.67
MSFT,2025-12-02,486.91
MSFT,2025-12-03,474.72
MSFT,2025-12-04,477.81
MSFT,2025-12-05,480.11
MSFT,2025-12-08,487.92
MSFT,2025-12-09,488.92
MSFT,2025-12-10,475.54
MSFT,2025-12-11,480.42
MSFT,2025-12-12,475.51
MSFT,2025-12-15,471.83
MSFT,2025-12-16,473.39
MSFT,2025-12-17,473.12
MSFT,2025-12-18,480.93
MSFT,2025-12-19,482.86
MSFT,2025-12-22,481.86
MSFT,2025-12-23,483.78
MSFT,2025-12-24,484.94
MSFT,2025-12-26,484.64
MSFT,2025-12-29,484.03
MSFT,2025-12-30,484.41
MSFT,2025-12-31,480.57
MSFT,2026-01-02,469.96
MSFT,2026-01-05,469.87
MSFT,2026-01-06,475.49
MSFT,2026-01-07,480.42
MSFT,2026-01-08,475.1
MSFT,2026-01-09,476.26
MSFT,2026-01-12,474.17
MSFT,2026-01-13,467.7
MSFT,2026-01-14,456.48
MSFT,2026-01-15,453.78
MSFT,2026-01-16,456.96
MSFT,2026-01-20,451.65
MSFT,2026-01-21,441.31
MSFT,2026-01-22,448.3
MSFT,2026-01-23,463.01
MSFT,2026-01-26,467.32
MSFT,2026-01-27,477.55
MSFT,2026-01-28,478.59
MSFT,2026-01-29,430.77
MSFT,2026-01-30,427.58
MSFT,2026-02-02,420.7
MSFT,2026-02-03,408.62
MSFT,2026-02-04,411.58
MSFT,2026-02-05,391.19
MSFT,2026-02-06,398.61
MSFT,2026-02-09,410.99
MSFT,2026-02-10,410.66
MSFT,2026-02-11,401.82
MSFT,2026-02-12,399.31
MSFT,2026-02-13,398.79
MSFT,2026-02-17,394.36
MSFT,2026-02-18,397.08
MSFT,2026-02-19,396.85
MSFT,2026-02-20,395.63
MSFT,2026-02-23,382.92
MSFT,2026-02-24,387.43
MSFT,2026-02-25,398.98
MSFT,2026-02-26,400.1
MSFT,2026-02-27,391.15
MSFT,2026-03-02,396.94
MSFT,2026-03-03,402.3
MSFT,2026-03-04,403.56
MSFT,2026-03-05,409.02
MSFT,2026-03-06,407.31
MSFT,2026-03-09,407.76
MSFT,2026-03-10,404.12
MSFT,2026-03-11,403.25
MSFT,2026-03-12,400.24
MSFT,2026-03-13,393.95
MSFT,2026-03-16,398.34
MSFT,2026-03-17,397.8
MSFT,2026-03-18,390.21
MSFT,2026-03-19,387.45
MSFT,2026-03-20,380.33
MSFT,2026-03-23,381.45
MSFT,2026-03-24,371.24
MSFT,2026-03-25,369.54
MSFT,2026-03-26,364.49
MSFT,2026-03-27,355.33
MSFT,2026-03-30,357.51
MSFT,2026-03-31,368.68
MSFT,2026-04-01,367.88
MSFT,2026-04-02,371.95
MSFT,2026-04-06,371.38
MSFT,2026-04-07,370.79
MSFT,2026-04-08,372.82
MSFT,2026-04-09,371.56
MSFT,2026-04-10,369.37
MSFT,2026-04-13,382.82
MSFT,2026-04-14,391.52
MSFT,2026-04-15,409.56
MSFT,2026-04-16,418.56
MSFT,2026-04-17,421.08
MSFT,2026-04-20,416.38
MSFT,2026-04-21,422.45
MSFT,2026-04-22,431.17
MSFT,2026-04-23,414.07
MSFT,2026-04-24,422.91
MSFT,2026-04-27,423.11
MSFT,2026-04-28,427.52
MSFT,2026-04-29,422.75
MSFT,2026-04-30,406.13
MSFT,2026-05-01,412.77
MSFT,2026-05-04,411.95
MSFT,2026-05-05,409.72
MSFT,2026-05-06,412.29
MSFT,2026-05-07,419.07
MSFT,2026-05-08,413.44
MSFT,2026-05-11,410.99
MSFT,2026-05-12,406.12
MSFT,2026-05-13,403.57
MSFT,2026-05-14,407.78
MSFT,2026-05-15,420.22
MSFT,2026-05-18,421.83
MSFT,2026-05-19,415.74
MSFT,2026-05-20,419.36
MSFT,2026-05-21,418.3
MSFT,2026-05-22,417.78
MSFT,2026-05-26,415.25
MSFT,2026-05-27,411.89
MSFT,2026-05-28,426.19
MSFT,2026-05-29,449.39
MSFT,2026-06-01,459.65
MSFT,2026-06-02,440.48
MSFT,2026-06-03,426.54
MSFT,2026-06-04,427.25
MSFT,2026-06-05,415.89
MSFT,2026-06-08,410.97
MSFT,2026-06-09,402.65
MSFT,2026-06-10,396.61
MSFT,2026-06-11,389.61
MSFT,2026-06-12,390.01
MSFT,2026-06-15,399.01
MSFT,2026-06-16,393.09
MSFT,2026-06-17,378.2
MSFT,2026-06-18,378.69
MSFT,2026-06-22,366.65
MSFT,2026-06-23,373.24
MSFT,2026-06-24,364.77
MSFT,2026-06-25,352.17
MSFT,2026-06-26,372.27
MSFT,2026-06-29,367.88
MSFT,2026-06-30,372.32
MSFT,2026-07-01,383.56
MSFT,2026-07-02,389.76
MSFT,2026-07-06,386.01
MSFT,2026-07-07,388.11
MSFT,2026-07-08,382.62
MSFT,2026-07-09,383.64
MSFT,2026-07-10,384.38
MSFT,2026-07-13,390.26
MSFT,2026-07-14,384.21
MSFT,2026-07-15,394.89
MSFT,2026-07-16,400.35
MSFT,2026-07-17,393.08
MSFT,2026-07-20,401.53
MSFT,2026-07-21,397.0
MSFT,2026-07-22,389.61
MSFT,2026-07-23,380.86
MSFT,2026-07-24,380.98
MSFT,2026-07-27,388.37
MSFT,2026-07-28,392.61
MSFT,2026-07-29,389.81
MSFT,2026-07-30,450.25
MSFT,2026-07-31,463.85
MSFT,2026-08-03,486.73
MSFT,2026-08-04,491.88
MSFT,2026-08-05,486.54
MSFT,2026-08-06,498.92
MSFT,2026-08-07,499.05
MSFT,2026-08-10,505.11
MSFT,2026-08-11,502.86
MSFT,2026-08-12,491.5
MSFT,2026-08-13,495.95
MSFT,2026-08-14,494.47
MSFT,2026-08-17,479.45
MSFT,2026-08-18,480.73
MSFT,2026-08-19,483.4
MSFT,2026-08-20,481.15
MSFT,2026-08-21,483.24
MSFT,2026-08-24,487.31
MSFT,2026-08-25,491.71
MSFT,2026-08-26,496.37
MSFT,2026-08-27,505.06
MSFT,2026-08-28,513.53
MSFT,2026-08-31,507.29
MSFT,2026-09-01,501.02
MSFT,2026-09-02,496.82
MSFT,2026-09-03,510.12
MSFT,2026-09-04,499.7
MSFT,2026-09-08,493.95
MSFT,2026-09-09,491.65
MSFT,2026-09-10,492.44
MSFT,2026-09-11,495.63
MSFT,2026-09-14,505.41
MSFT,2026-09-15,497.12
MSFT,2026-09-16,490.3
MSFT,2026-09-17,497.75
MSFT,2026-09-18,493.78
MSFT,2026-09-21,498.33
AAPL,2025-09-22,255.14
AAPL,2025-09-23,253.49
AAPL,2025-09-24,251.38
AAPL,2025-09-25,255.92
AAPL,2025-09-26,254.52
AAPL,2025-09-29,253.49
AAPL,2025-09-30,253.69
AAPL,2025-10-01,254.51
AAPL,2025-10-02,256.18
AAPL,2025-10-03,257.07
AAPL,2025-10-06,255.75
AAPL,2025-10-07,255.54
AAPL,2025-10-08,257.11
AAPL,2025-10-09,253.11
AAPL,2025-10-10,244.37
AAPL,2025-10-13,246.75
AAPL,2025-10-14,246.86
AAPL,2025-10-15,248.42
AAPL,2025-10-16,246.54
AAPL,2025-10-17,251.36
AAPL,2025-10-20,261.27
AAPL,2025-10-21,261.8
AAPL,2025-10-22,257.5
AAPL,2025-10-23,258.62
AAPL,2025-10-24,261.85
AAPL,2025-10-27,267.82
AAPL,2025-10-28,268.01
AAPL,2025-10-29,268.71
AAPL,2025-10-30,270.4
AAPL,2025-10-31,269.37
AAPL,2025-11-03,268.06
AAPL,2025-11-04,269.05
AAPL,2025-11-05,269.15
AAPL,2025-11-06,268.78
AAPL,2025-11-07,267.48
AAPL,2025-11-10,268.7
AAPL,2025-11-11,274.5
AAPL,2025-11-12,272.73
AAPL,2025-11-13,272.21
AAPL,2025-11-14,271.67
AAPL,2025-11-17,266.73
AAPL,2025-11-18,266.71
AAPL,2025-11-19,267.83
AAPL,2025-11-20,265.53
AAPL,2025-11-21,270.75
AAPL,2025-11-24,275.17
AAPL,2025-11-25,276.22
AAPL,2025-11-26,276.8
AAPL,2025-11-28,278.09
AAPL,2025-12-01,282.33
AAPL,2025-12-02,285.41
AAPL,2025-12-03,283.38
AAPL,2025-12-04,279.94
AAPL,2025-12-05,278.02
AAPL,2025-12-08,277.14
AAPL,2025-12-09,276.43
AAPL,2025-12-10,278.02
AAPL,2025-12-11,277.28
AAPL,2025-12-12,277.52
AAPL,2025-12-15,273.37
AAPL,2025-12-16,273.86
AAPL,2025-12-17,271.1
AAPL,2025-12-18,271.45
AAPL,2025-12-19,272.93
AAPL,2025-12-22,270.23
AAPL,2025-12-23,271.62
AAPL,2025-12-24,273.07
AAPL,2025-12-26,272.66
AAPL,2025-12-29,273.02
AAPL,2025-12-30,272.34
AAPL,2025-12-31,271.12
AAPL,2026-01-02,270.27
AAPL,2026-01-05,266.53
AAPL,2026-01-06,261.65
AAPL,2026-01-07,259.62
AAPL,2026-01-08,258.34
AAPL,2026-01-09,258.67
AAPL,2026-01-12,259.54
AAPL,2026-01-13,260.34
AAPL,2026-01-14,259.25
AAPL,2026-01-15,257.51
AAPL,2026-01-16,254.84
AAPL,2026-01-20,246.03
AAPL,2026-01-21,246.98
AAPL,2026-01-22,247.68
AAPL,2026-01-23,247.37
AAPL,2026-01-26,254.72
AAPL,2026-01-27,257.57
AAPL,2026-01-28,255.74
AAPL,2026-01-29,257.58
AAPL,2026-01-30,258.78
AAPL,2026-02-02,269.28
AAPL,2026-02-03,268.75
AAPL,2026-02-04,275.74
AAPL,2026-02-05,275.16
AAPL,2026-02-06,277.36
AAPL,2026-02-09,274.13
AAPL,2026-02-10,273.19
AAPL,2026-02-11,275.01
AAPL,2026-02-12,261.26
AAPL,2026-02-13,255.32
AAPL,2026-02-17,263.41
AAPL,2026-02-18,263.88
AAPL,2026-02-19,260.12
AAPL,2026-02-20,264.11
AAPL,2026-02-23,265.71
AAPL,2026-02-24,271.66
AAPL,2026-02-25,273.74
AAPL,2026-02-26,272.46
AAPL,2026-02-27,263.71
AAPL,2026-03-02,264.25
AAPL,2026-03-03,263.28
AAPL,2026-03-04,262.05
AAPL,2026-03-05,259.83
AAPL,2026-03-06,257.0
AAPL,2026-03-09,259.42
AAPL,2026-03-10,260.37
AAPL,2026-03-11,260.35
AAPL,2026-03-12,255.3
AAPL,2026-03-13,249.67
AAPL,2026-03-16,252.37
AAPL,2026-03-17,253.78
AAPL,2026-03-18,249.49
AAPL,2026-03-19,248.52
AAPL,2026-03-20,247.55
AAPL,2026-03-23,251.04
AAPL,2026-03-24,251.19
AAPL,2026-03-25,252.17
AAPL,2026-03-26,252.44
AAPL,2026-03-27,248.36
AAPL,2026-03-30,246.19
AAPL,2026-03-31,253.34
AAPL,2026-04-01,255.17
AAPL,2026-04-02,255.46
AAPL,2026-04-06,258.4
AAPL,2026-04-07,253.05
AAPL,2026-04-08,258.44
AAPL,2026-04-09,260.03
AAPL,2026-04-10,260.02
AAPL,2026-04-13,258.74
AAPL,2026-04-14,258.37
AAPL,2026-04-15,265.96
AAPL,2026-04-16,262.93
AAPL,2026-04-17,269.75
AAPL,2026-04-20,272.56
AAPL,2026-04-21,265.7
AAPL,2026-04-22,272.68
AAPL,2026-04-23,272.94
AAPL,2026-04-24,270.58
AAPL,2026-04-27,267.13
AAPL,2026-04-28,270.23
AAPL,2026-04-29,269.69
AAPL,2026-04-30,270.87
AAPL,2026-05-01,279.64
AAPL,2026-05-04,276.34
AAPL,2026-05-05,283.67
AAPL,2026-05-06,287.0
AAPL,2026-05-07,286.93
AAPL,2026-05-08,292.8
AAPL,2026-05-11,292.43
AAPL,2026-05-12,294.55
AAPL,2026-05-13,298.61
AAPL,2026-05-14,297.95
AAPL,2026-05-15,299.97
AAPL,2026-05-18,297.58
AAPL,2026-05-19,298.71
AAPL,2026-05-20,301.99
AAPL,2026-05-21,304.73
AAPL,2026-05-22,308.55
AAPL,2026-05-26,308.06
AAPL,2026-05-27,310.58
AAPL,2026-05-28,312.24
AAPL,2026-05-29,311.79
AAPL,2026-06-01,306.05
AAPL,2026-06-02,314.93
AAPL,2026-06-03,309.99
AAPL,2026-06-04,310.96
AAPL,2026-06-05,307.08
AAPL,2026-06-08,301.28
AAPL,2026-06-09,290.3
AAPL,2026-06-10,291.33
AAPL,2026-06-11,295.38
AAPL,2026-06-12,290.88
AAPL,2026-06-15,296.16
AAPL,2026-06-16,298.98
AAPL,2026-06-17,295.69
AAPL,2026-06-18,297.75
AAPL,2026-06-22,296.75
AAPL,2026-06-23,294.05
AAPL,2026-06-24,292.83
AAPL,2026-06-25,274.91
AAPL,2026-06-26,283.54
AAPL,2026-06-29,281.5
AAPL,2026-06-30,289.11
AAPL,2026-07-01,294.13
AAPL,2026-07-02,308.36
AAPL,2026-07-06,312.39
AAPL,2026-07-07,310.39
AAPL,2026-07-08,313.12
AAPL,2026-07-09,315.95
AAPL,2026-07-10,315.05
AAPL,2026-07-13,317.04
AAPL,2026-07-14,314.59
AAPL,2026-07-15,327.22
AAPL,2026-07-16,332.97
AAPL,2026-07-17,333.45
AAPL,2026-07-20,326.31
AAPL,2026-07-21,327.46
AAPL,2026-07-22,325.61
AAPL,2026-07-23,321.38
AAPL,2026-07-24,332.73
AAPL,2026-07-27,336.62
AAPL,2026-07-28,339.79
AAPL,2026-07-29,337.9
AAPL,2026-07-30,333.14
AAPL,2026-07-31,308.64
AAPL,2026-08-03,303.16
AAPL,2026-08-04,309.11
AAPL,2026-08-05,310.73
AAPL,2026-08-06,312.14
AAPL,2026-08-07,313.06
AAPL,2026-08-10,308.26
AAPL,2026-08-11,304.91
AAPL,2026-08-12,302.25
AAPL,2026-08-13,305.26
AAPL,2026-08-14,305.93
AAPL,2026-08-17,305.59
AAPL,2026-08-18,310.03
AAPL,2026-08-19,316.83
AAPL,2026-08-20,311.3
AAPL,2026-08-21,309.35
AAPL,2026-08-24,310.34
AAPL,2026-08-25,309.9
AAPL,2026-08-26,313.45
AAPL,2026-08-27,314.58
AAPL,2026-08-28,319.7
AAPL,2026-08-31,316.85
AAPL,2026-09-01,325.13
AAPL,2026-09-02,324.96
AAPL,2026-09-03,328.21
AAPL,2026-09-04,319.97
AAPL,2026-09-08,316.22
AAPL,2026-09-09,315.34
AAPL,2026-09-10,326.57
AAPL,2026-09-11,332.27
AAPL,2026-09-14,333.08
AAPL,2026-09-15,331.34
AAPL,2026-09-16,332.41
AAPL,2026-09-17,337.0
AAPL,2026-09-18,336.13
AAPL,2026-09-21,338.86
AMZN,2025-09-22,227.63
AMZN,2025-09-23,220.71
AMZN,2025-09-24,220.21
AMZN,2025-09-25,218.15
AMZN,2025-09-26,219.78
AMZN,2025-09-29,222.17
AMZN,2025-09-30,219.57
AMZN,2025-10-01,220.63
AMZN,2025-10-02,222.41
AMZN,2025-10-03,219.51
AMZN,2025-10-06,220.9
AMZN,2025-10-07,221.78
AMZN,2025-10-08,225.22
AMZN,2025-10-09,227.74
AMZN,2025-10-10,216.37
AMZN,2025-10-13,220.07
AMZN,2025-10-14,216.39
AMZN,2025-10-15,215.57
AMZN,2025-10-16,214.47
AMZN,2025-10-17,213.04
AMZN,2025-10-20,216.48
AMZN,2025-10-21,222.03
AMZN,2025-10-22,217.95
AMZN,2025-10-23,221.09
AMZN,2025-10-24,224.21
AMZN,2025-10-27,226.97
AMZN,2025-10-28,229.25
AMZN,2025-10-29,230.3
AMZN,2025-10-30,222.86
AMZN,2025-10-31,244.22
AMZN,2025-11-03,254.0
AMZN,2025-11-04,249.32
AMZN,2025-11-05,250.2
AMZN,2025-11-06,243.04
AMZN,2025-11-07,244.41
AMZN,2025-11-10,248.4
AMZN,2025-11-11,249.1
AMZN,2025-11-12,244.2
AMZN,2025-11-13,237.58
AMZN,2025-11-14,234.69
AMZN,2025-11-17,232.87
AMZN,2025-11-18,222.55
AMZN,2025-11-19,222.69
AMZN,2025-11-20,217.14
AMZN,2025-11-21,220.69
AMZN,2025-11-24,226.28
AMZN,2025-11-25,229.67
AMZN,2025-11-26,229.16
AMZN,2025-11-28,233.22
AMZN,2025-12-01,233.88
AMZN,2025-12-02,234.42
AMZN,2025-12-03,232.38
AMZN,2025-12-04,229.11
AMZN,2025-12-05,229.53
AMZN,2025-12-08,226.89
AMZN,2025-12-09,227.92
AMZN,2025-12-10,231.78
AMZN,2025-12-11,230.28
AMZN,2025-12-12,226.19
AMZN,2025-12-15,222.54
AMZN,2025-12-16,222.56
AMZN,2025-12-17,221.27
AMZN,2025-12-18,226.76
AMZN,2025-12-19,227.35
AMZN,2025-12-22,228.43
AMZN,2025-12-23,232.14
AMZN,2025-12-24,232.38
AMZN,2025-12-26,232.52
AMZN,2025-12-29,232.07
AMZN,2025-12-30,232.53
AMZN,2025-12-31,230.82
AMZN,2026-01-02,226.5
AMZN,2026-01-05,233.06
AMZN,2026-01-06,240.93
AMZN,2026-01-07,241.56
AMZN,2026-01-08,246.29
AMZN,2026-01-09,247.38
AMZN,2026-01-12,246.47
AMZN,2026-01-13,242.6
AMZN,2026-01-14,236.65
AMZN,2026-01-15,238.18
AMZN,2026-01-16,239.12
AMZN,2026-01-20,231.0
AMZN,2026-01-21,231.31
AMZN,2026-01-22,234.34
AMZN,2026-01-23,239.16
AMZN,2026-01-26,238.42
AMZN,2026-01-27,244.68
AMZN,2026-01-28,243.01
AMZN,2026-01-29,241.73
AMZN,2026-01-30,239.3
AMZN,2026-02-02,242.96
AMZN,2026-02-03,238.62
AMZN,2026-02-04,232.99
AMZN,2026-02-05,222.69
AMZN,2026-02-06,210.32
AMZN,2026-02-09,208.72
AMZN,2026-02-10,206.96
AMZN,2026-02-11,204.08
AMZN,2026-02-12,199.6
AMZN,2026-02-13,198.79
AMZN,2026-02-17,201.15
AMZN,2026-02-18,204.79
AMZN,2026-02-19,204.86
AMZN,2026-02-20,210.11
AMZN,2026-02-23,205.27
AMZN,2026-02-24,208.56
AMZN,2026-02-25,210.64
AMZN,2026-02-26,207.92
AMZN,2026-02-27,210.0
AMZN,2026-03-02,208.39
AMZN,2026-03-03,208.73
AMZN,2026-03-04,216.82
AMZN,2026-03-05,218.94
AMZN,2026-03-06,213.21
AMZN,2026-03-09,213.49
AMZN,2026-03-10,214.33
AMZN,2026-03-11,212.65
AMZN,2026-03-12,209.53
AMZN,2026-03-13,207.67
AMZN,2026-03-16,211.74
AMZN,2026-03-17,215.2
AMZN,2026-03-18,209.87
AMZN,2026-03-19,208.76
AMZN,2026-03-20,205.37
AMZN,2026-03-23,210.14
AMZN,2026-03-24,207.24
AMZN,2026-03-25,211.71
AMZN,2026-03-26,207.54
AMZN,2026-03-27,199.34
AMZN,2026-03-30,200.95
AMZN,2026-03-31,208.27
AMZN,2026-04-01,210.57
AMZN,2026-04-02,209.77
AMZN,2026-04-06,212.79
AMZN,2026-04-07,213.77
AMZN,2026-04-08,221.25
AMZN,2026-04-09,233.65
AMZN,2026-04-10,238.38
AMZN,2026-04-13,239.89
AMZN,2026-04-14,249.02
AMZN,2026-04-15,248.5
AMZN,2026-04-16,249.7
AMZN,2026-04-17,250.56
AMZN,2026-04-20,248.28
AMZN,2026-04-21,249.91
AMZN,2026-04-22,255.36
AMZN,2026-04-23,255.08
AMZN,2026-04-24,263.99
AMZN,2026-04-27,261.12
AMZN,2026-04-28,259.7
AMZN,2026-04-29,263.04
AMZN,2026-04-30,265.06
AMZN,2026-05-01,268.26
AMZN,2026-05-04,272.05
AMZN,2026-05-05,273.55
AMZN,2026-05-06,274.99
AMZN,2026-05-07,271.17
AMZN,2026-05-08,272.68
AMZN,2026-05-11,268.99
AMZN,2026-05-12,265.82
AMZN,2026-05-13,270.13
AMZN,2026-05-14,267.22
AMZN,2026-05-15,264.14
AMZN,2026-05-18,264.86
AMZN,2026-05-19,259.34
AMZN,2026-05-20,265.01
AMZN,2026-05-21,268.46
AMZN,2026-05-22,266.32
AMZN,2026-05-26,265.29
AMZN,2026-05-27,271.85
AMZN,2026-05-28,274.0
AMZN,2026-05-29,270.64
AMZN,2026-06-01,261.26
AMZN,2026-06-02,256.52
AMZN,2026-06-03,250.02
AMZN,2026-06-04,253.79
AMZN,2026-06-05,246.03
AMZN,2026-06-08,245.22
AMZN,2026-06-09,244.19
AMZN,2026-06-10,238.0
AMZN,2026-06-11,241.51
AMZN,2026-06-12,238.55
AMZN,2026-06-15,246.02
AMZN,2026-06-16,246.0
AMZN,2026-06-17,237.5
AMZN,2026-06-18,244.39
AMZN,2026-06-22,232.79
AMZN,2026-06-23,234.11
AMZN,2026-06-24,234.27
AMZN,2026-06-25,227.01
AMZN,2026-06-26,232.69
AMZN,2026-06-29,240.14
AMZN,2026-06-30,238.34
AMZN,2026-07-01,241.7
AMZN,2026-07-02,242.67
AMZN,2026-07-06,244.16
AMZN,2026-07-07,245.98
AMZN,2026-07-08,243.62
AMZN,2026-07-09,247.04
AMZN,2026-07-10,245.34
AMZN,2026-07-13,247.31
AMZN,2026-07-14,247.49
AMZN,2026-07-15,254.96
AMZN,2026-07-16,249.89
AMZN,2026-07-17,247.23
AMZN,2026-07-20,249.99
AMZN,2026-07-21,247.55
AMZN,2026-07-22,244.85
AMZN,2026-07-23,233.66
AMZN,2026-07-24,232.11
AMZN,2026-07-27,231.39
AMZN,2026-07-28,230.86
AMZN,2026-07-29,226.65
AMZN,2026-07-30,235.5
AMZN,2026-07-31,271.58
AMZN,2026-08-03,284.02
AMZN,2026-08-04,277.42
AMZN,2026-08-05,272.65
AMZN,2026-08-06,272.26
AMZN,2026-08-07,274.48
AMZN,2026-08-10,278.09
AMZN,2026-08-11,272.27
AMZN,2026-08-12,267.28
AMZN,2026-08-13,265.13
AMZN,2026-08-14,262.65
AMZN,2026-08-17,261.31
AMZN,2026-08-18,259.45
AMZN,2026-08-19,265.84
AMZN,2026-08-20,260.11
AMZN,2026-08-21,258.63
AMZN,2026-08-24,262.07
AMZN,2026-08-25,261.06
AMZN,2026-08-26,260.28
AMZN,2026-08-27,256.26
AMZN,2026-08-28,266.43
AMZN,2026-08-31,259.77
AMZN,2026-09-01,254.92
AMZN,2026-09-02,254.98
AMZN,2026-09-03,258.9
AMZN,2026-09-04,258.51
AMZN,2026-09-08,256.97
AMZN,2026-09-09,252.4
AMZN,2026-09-10,251.89
AMZN,2026-09-11,256.78
AMZN,2026-09-14,253.54
AMZN,2026-09-15,248.42
AMZN,2026-09-16,245.96
AMZN,2026-09-17,251.19
AMZN,2026-09-18,253.71
AMZN,2026-09-21,258.68
NVDA,2025-09-22,183.17
NVDA,2025-09-23,178.0
NVDA,2025-09-24,176.55
NVDA,2025-09-25,177.27
NVDA,2025-09-26,177.76
NVDA,2025-09-29,181.42
NVDA,2025-09-30,186.13
NVDA,2025-10-01,186.79
NVDA,2025-10-02,188.44
NVDA,2025-10-03,187.17
NVDA,2025-10-06,185.1
NVDA,2025-10-07,184.6
NVDA,2025-10-08,188.66
NVDA,2025-10-09,192.11
NVDA,2025-10-10,182.72
NVDA,2025-10-13,187.87
NVDA,2025-10-14,179.6
NVDA,2025-10-15,179.4
NVDA,2025-10-16,181.38
NVDA,2025-10-17,182.78
NVDA,2025-10-20,182.2
NVDA,2025-10-21,180.73
NVDA,2025-10-22,179.85
NVDA,2025-10-23,181.72
NVDA,2025-10-24,185.81
NVDA,2025-10-27,191.03
NVDA,2025-10-28,200.55
NVDA,2025-10-29,206.55
NVDA,2025-10-30,202.41
NVDA,2025-10-31,202.01
NVDA,2025-11-03,206.39
NVDA,2025-11-04,198.22
NVDA,2025-11-05,194.74
NVDA,2025-11-06,187.63
NVDA,2025-11-07,187.7
NVDA,2025-11-10,198.57
NVDA,2025-11-11,192.7
NVDA,2025-11-12,193.34
NVDA,2025-11-13,186.41
NVDA,2025-11-14,189.72
NVDA,2025-11-17,186.15
NVDA,2025-11-18,180.93
NVDA,2025-11-19,186.07
NVDA,2025-11-20,180.21
NVDA,2025-11-21,178.45
NVDA,2025-11-24,182.11
NVDA,2025-11-25,177.4
NVDA,2025-11-26,179.83
NVDA,2025-11-28,176.58
NVDA,2025-12-01,179.49
NVDA,2025-12-02,181.03
NVDA,2025-12-03,179.16
NVDA,2025-12-04,182.95
NVDA,2025-12-05,181.98
NVDA,2025-12-08,185.12
NVDA,2025-12-09,184.54
NVDA,2025-12-10,183.35
NVDA,2025-12-11,180.51
NVDA,2025-12-12,174.61
NVDA,2025-12-15,175.88
NVDA,2025-12-16,177.31
NVDA,2025-12-17,170.54
NVDA,2025-12-18,173.73
NVDA,2025-12-19,180.57
NVDA,2025-12-22,183.26
NVDA,2025-12-23,188.77
NVDA,2025-12-24,188.17
NVDA,2025-12-26,190.09
NVDA,2025-12-29,187.78
NVDA,2025-12-30,187.1
NVDA,2025-12-31,186.06
NVDA,2026-01-02,188.41
NVDA,2026-01-05,187.68
NVDA,2026-01-06,186.8
NVDA,2026-01-07,188.67
NVDA,2026-01-08,184.61
NVDA,2026-01-09,184.43
NVDA,2026-01-12,184.51
NVDA,2026-01-13,185.38
NVDA,2026-01-14,182.71
NVDA,2026-01-15,186.61
NVDA,2026-01-16,185.8
NVDA,2026-01-20,177.65
NVDA,2026-01-21,182.89
NVDA,2026-01-22,184.41
NVDA,2026-01-23,187.23
NVDA,2026-01-26,186.03
NVDA,2026-01-27,188.08
NVDA,2026-01-28,191.07
NVDA,2026-01-29,192.06
NVDA,2026-01-30,190.68
NVDA,2026-02-02,185.18
NVDA,2026-02-03,179.92
NVDA,2026-02-04,173.78
NVDA,2026-02-05,171.48
NVDA,2026-02-06,184.98
NVDA,2026-02-09,189.6
NVDA,2026-02-10,188.1
NVDA,2026-02-11,189.61
NVDA,2026-02-12,186.5
NVDA,2026-02-13,182.38
NVDA,2026-02-17,184.54
NVDA,2026-02-18,187.54
NVDA,2026-02-19,187.46
NVDA,2026-02-20,189.38
NVDA,2026-02-23,191.1
NVDA,2026-02-24,192.4
NVDA,2026-02-25,195.1
NVDA,2026-02-26,184.46
NVDA,2026-02-27,176.78
NVDA,2026-03-02,182.05
NVDA,2026-03-03,179.63
NVDA,2026-03-04,182.61
NVDA,2026-03-05,182.91
NVDA,2026-03-06,177.4
NVDA,2026-03-09,182.22
NVDA,2026-03-10,184.34
NVDA,2026-03-11,185.61
NVDA,2026-03-12,182.72
NVDA,2026-03-13,179.84
NVDA,2026-03-16,182.8
NVDA,2026-03-17,181.52
NVDA,2026-03-18,179.99
NVDA,2026-03-19,178.15
NVDA,2026-03-20,172.31
NVDA,2026-03-23,175.24
NVDA,2026-03-24,174.8
NVDA,2026-03-25,178.27
NVDA,2026-03-26,170.85
NVDA,2026-03-27,167.14
NVDA,2026-03-30,164.79
NVDA,2026-03-31,174.0
NVDA,2026-04-01,175.35
NVDA,2026-04-02,176.99
NVDA,2026-04-06,177.23
NVDA,2026-04-07,177.69
NVDA,2026-04-08,181.66
NVDA,2026-04-09,183.49
NVDA,2026-04-10,188.2
NVDA,2026-04-13,188.88
NVDA,2026-04-14,196.06
NVDA,2026-04-15,198.42
NVDA,2026-04-16,197.9
NVDA,2026-04-17,201.22
NVDA,2026-04-20,201.6
NVDA,2026-04-21,199.42
NVDA,2026-04-22,202.04
NVDA,2026-04-23,199.18
NVDA,2026-04-24,207.8
NVDA,2026-04-27,216.12
NVDA,2026-04-28,212.68
NVDA,2026-04-29,208.77
NVDA,2026-04-30,199.11
NVDA,2026-05-01,198.0
NVDA,2026-05-04,198.03
NVDA,2026-05-05,196.05
NVDA,2026-05-06,207.36
NVDA,2026-05-07,211.02
NVDA,2026-05-08,214.71
NVDA,2026-05-11,218.94
NVDA,2026-05-12,220.28
NVDA,2026-05-13,225.31
NVDA,2026-05-14,235.2
NVDA,2026-05-15,224.81
NVDA,2026-05-18,221.81
NVDA,2026-05-19,220.11
NVDA,2026-05-20,222.96
NVDA,2026-05-21,219.01
NVDA,2026-05-22,214.84
NVDA,2026-05-26,214.37
NVDA,2026-05-27,212.12
NVDA,2026-05-28,213.76
NVDA,2026-05-29,210.66
NVDA,2026-06-01,223.85
NVDA,2026-06-02,222.31
NVDA,2026-06-03,214.26
NVDA,2026-06-04,218.42
NVDA,2026-06-05,204.87
NVDA,2026-06-08,208.41
NVDA,2026-06-09,207.96
NVDA,2026-06-10,200.2
NVDA,2026-06-11,204.64
NVDA,2026-06-12,204.96
NVDA,2026-06-15,212.21
NVDA,2026-06-16,207.18
NVDA,2026-06-17,204.42
NVDA,2026-06-18,210.45
NVDA,2026-06-22,208.42
NVDA,2026-06-23,199.82
NVDA,2026-06-24,198.78
NVDA,2026-06-25,195.52
NVDA,2026-06-26,192.31
NVDA,2026-06-29,194.75
NVDA,2026-06-30,199.87
NVDA,2026-07-01,197.36
NVDA,2026-07-02,194.61
NVDA,2026-07-06,195.33
NVDA,2026-07-07,196.71
NVDA,2026-07-08,203.89
NVDA,2026-07-09,202.55
NVDA,2026-07-10,210.72
NVDA,2026-07-13,203.3
NVDA,2026-07-14,211.56
NVDA,2026-07-15,212.26
NVDA,2026-07-16,207.17
NVDA,2026-07-17,202.58
NVDA,2026-07-20,203.05
NVDA,2026-07-21,207.06
NVDA,2026-07-22,211.82
NVDA,2026-07-23,208.53
NVDA,2026-07-24,206.61
NVDA,2026-07-27,196.29
NVDA,2026-07-28,196.79
NVDA,2026-07-29,189.8
NVDA,2026-07-30,194.82
NVDA,2026-07-31,200.53
NVDA,2026-08-03,206.41
NVDA,2026-08-04,211.7
NVDA,2026-08-05,218.97
NVDA,2026-08-06,218.75
NVDA,2026-08-07,223.71
NVDA,2026-08-10,217.31
NVDA,2026-08-11,217.26
NVDA,2026-08-12,223.84
NVDA,2026-08-13,225.05
NVDA,2026-08-14,224.91
NVDA,2026-08-17,224.76
NVDA,2026-08-18,219.49
NVDA,2026-08-19,217.32
NVDA,2026-08-20,216.61
NVDA,2026-08-21,214.48
NVDA,2026-08-24,208.25
NVDA,2026-08-25,212.81
NVDA,2026-08-26,209.43
NVDA,2026-08-27,227.73
NVDA,2026-08-28,217.31
NVDA,2026-08-31,220.53
NVDA,2026-09-01,217.2
NVDA,2026-09-02,224.16
NVDA,2026-09-03,228.19
NVDA,2026-09-04,230.1
NVDA,2026-09-08,225.48
NVDA,2026-09-09,223.42
NVDA,2026-09-10,218.36
NVDA,2026-09-11,218.29
NVDA,2026-09-14,210.96
NVDA,2026-09-15,212.17
NVDA,2026-09-16,213.9
NVDA,2026-09-17,219.34
NVDA,2026-09-18,222.27
NVDA,2026-09-21,228.46
TSLA,2025-09-22,434.21
TSLA,2025-09-23,425.85
TSLA,2025-09-24,442.79
TSLA,2025-09-25,423.39
TSLA,2025-09-26,440.4
TSLA,2025-09-29,443.21
TSLA,2025-09-30,444.72
TSLA,2025-10-01,459.46
TSLA,2025-10-02,436.0
TSLA,2025-10-03,429.83
TSLA,2025-10-06,453.25
TSLA,2025-10-07,433.09
TSLA,2025-10-08,438.69
TSLA,2025-10-09,435.54
TSLA,2025-10-10,413.49
TSLA,2025-10-13,435.9
TSLA,2025-10-14,429.24
TSLA,2025-10-15,435.15
TSLA,2025-10-16,428.75
TSLA,2025-10-17,439.31
TSLA,2025-10-20,447.43
TSLA,2025-10-21,442.6
TSLA,2025-10-22,438.97
TSLA,2025-10-23,448.98
TSLA,2025-10-24,433.72
TSLA,2025-10-27,452.42
TSLA,2025-10-28,460.55
TSLA,2025-10-29,461.51
TSLA,2025-10-30,440.1
TSLA,2025-10-31,456.56
TSLA,2025-11-03,468.37
TSLA,2025-11-04,444.26
TSLA,2025-11-05,462.07
TSLA,2025-11-06,445.91
TSLA,2025-11-07,429.52
TSLA,2025-11-10,445.23
TSLA,2025-11-11,439.62
TSLA,2025-11-12,430.6
TSLA,2025-11-13,401.99
TSLA,2025-11-14,404.35
TSLA,2025-11-17,408.92
TSLA,2025-11-18,401.25
TSLA,2025-11-19,403.99
TSLA,2025-11-20,395.23
TSLA,2025-11-21,391.09
TSLA,2025-11-24,417.78
TSLA,2025-11-25,419.4
TSLA,2025-11-26,426.58
TSLA,2025-11-28,430.17
TSLA,2025-12-01,430.14
TSLA,2025-12-02,429.24
TSLA,2025-12-03,446.74
TSLA,2025-12-04,454.53
TSLA,2025-12-05,455.0
TSLA,2025-12-08,439.58
TSLA,2025-12-09,445.17
TSLA,2025-12-10,451.45
TSLA,2025-12-11,446.89
TSLA,2025-12-12,458.96
TSLA,2025-12-15,475.31
TSLA,2025-12-16,489.88
TSLA,2025-12-17,467.26
TSLA,2025-12-18,483.37
TSLA,2025-12-19,481.2
TSLA,2025-12-22,488.73
TSLA,2025-12-23,485.56
TSLA,2025-12-24,485.4
TSLA,2025-12-26,475.19
TSLA,2025-12-29,459.64
TSLA,2025-12-30,454.43
TSLA,2025-12-31,449.72
TSLA,2026-01-02,438.07
TSLA,2026-01-05,451.67
TSLA,2026-01-06,432.96
TSLA,2026-01-07,431.41
TSLA,2026-01-08,435.8
TSLA,2026-01-09,445.01
TSLA,2026-01-12,448.96
TSLA,2026-01-13,447.2
TSLA,2026-01-14,439.2
TSLA,2026-01-15,438.57
TSLA,2026-01-16,437.5
TSLA,2026-01-20,419.25
TSLA,2026-01-21,431.44
TSLA,2026-01-22,449.36
TSLA,2026-01-23,449.06
TSLA,2026-01-26,435.2
TSLA,2026-01-27,430.9
TSLA,2026-01-28,431.46
TSLA,2026-01-29,416.56
TSLA,2026-01-30,430.41
TSLA,2026-02-02,421.81
TSLA,2026-02-03,421.96
TSLA,2026-02-04,406.01
TSLA,2026-02-05,397.21
TSLA,2026-02-06,411.11
TSLA,2026-02-09,417.32
TSLA,2026-02-10,425.21
TSLA,2026-02-11,428.27
TSLA,2026-02-12,417.07
TSLA,2026-02-13,417.44
TSLA,2026-02-17,410.63
TSLA,2026-02-18,411.32
TSLA,2026-02-19,411.71
TSLA,2026-02-20,411.82
TSLA,2026-02-23,399.83
TSLA,2026-02-24,409.38
TSLA,2026-02-25,417.4
TSLA,2026-02-26,408.58
TSLA,2026-02-27,402.51
TSLA,2026-03-02,403.32
TSLA,2026-03-03,392.43
TSLA,2026-03-04,405.94
TSLA,2026-03-05,405.55
TSLA,2026-03-06,396.73
TSLA,2026-03-09,398.68
TSLA,2026-03-10,399.24
TSLA,2026-03-11,407.82
TSLA,2026-03-12,395.01
TSLA,2026-03-13,391.2
TSLA,2026-03-16,395.56
TSLA,2026-03-17,399.27
TSLA,2026-03-18,392.78
TSLA,2026-03-19,380.3
TSLA,2026-03-20,367.96
TSLA,2026-03-23,380.85
TSLA,2026-03-24,383.03
TSLA,2026-03-25,385.95
TSLA,2026-03-26,372.11
TSLA,2026-03-27,361.83
TSLA,2026-03-30,355.28
TSLA,2026-03-31,371.75
TSLA,2026-04-01,381.26
TSLA,2026-04-02,360.59
TSLA,2026-04-06,352.82
TSLA,2026-04-07,346.65
TSLA,2026-04-08,343.25
TSLA,2026-04-09,345.62
TSLA,2026-04-10,348.95
TSLA,2026-04-13,352.42
TSLA,2026-04-14,364.2
TSLA,2026-04-15,391.95
TSLA,2026-04-16,388.9
TSLA,2026-04-17,400.62
TSLA,2026-04-20,392.5
TSLA,2026-04-21,386.42
TSLA,2026-04-22,387.51
TSLA,2026-04-23,373.72
TSLA,2026-04-24,376.3
TSLA,2026-04-27,378.67
TSLA,2026-04-28,376.02
TSLA,2026-04-29,372.8
TSLA,2026-04-30,381.63
TSLA,2026-05-01,390.82
TSLA,2026-05-04,392.51
TSLA,2026-05-05,389.37
TSLA,2026-05-06,398.73
TSLA,2026-05-07,411.79
TSLA,2026-05-08,428.35
TSLA,2026-05-11,445.0
TSLA,2026-05-12,433.45
TSLA,2026-05-13,445.27
TSLA,2026-05-14,443.3
TSLA,2026-05-15,422.24
TSLA,2026-05-18,409.99
TSLA,2026-05-19,404.11
TSLA,2026-05-20,417.26
TSLA,2026-05-21,417.85
TSLA,2026-05-22,426.01
TSLA,2026-05-26,433.59
TSLA,2026-05-27,440.36
TSLA,2026-05-28,442.1
TSLA,2026-05-29,435.79
TSLA,2026-06-01,415.88
TSLA,2026-06-02,423.74
TSLA,2026-06-03,423.7
TSLA,2026-06-04,418.45
TSLA,2026-06-05,391.0
TSLA,2026-06-08,408.95
TSLA,2026-06-09,396.68
TSLA,2026-06-10,381.59
TSLA,2026-06-11,399.15
TSLA,2026-06-12,406.43
TSLA,2026-06-15,411.15
TSLA,2026-06-16,404.66
TSLA,2026-06-17,396.38
TSLA,2026-06-18,400.49
TSLA,2026-06-22,405.05
TSLA,2026-06-23,381.61
TSLA,2026-06-24,375.53
TSLA,2026-06-25,375.12
TSLA,2026-06-26,379.71
TSLA,2026-06-29,411.84
TSLA,2026-06-30,420.6
TSLA,2026-07-01,425.3
TSLA,2026-07-02,393.45
TSLA,2026-07-06,419.77
TSLA,2026-07-07,402.9
TSLA,2026-07-08,394.06
TSLA,2026-07-09,406.55
TSLA,2026-07-10,407.76
TSLA,2026-07-13,394.76
TSLA,2026-07-14,396.18
TSLA,2026-07-15,394.46
TSLA,2026-07-16,391.06
TSLA,2026-07-17,380.84
TSLA,2026-07-20,369.57
TSLA,2026-07-21,378.93
TSLA,2026-07-22,374.01
TSLA,2026-07-23,319.69
TSLA,2026-07-24,313.03
TSLA,2026-07-27,309.22
TSLA,2026-07-28,307.44
TSLA,2026-07-29,298.32
TSLA,2026-07-30,308.85
TSLA,2026-07-31,311.21
TSLA,2026-08-03,322.08
TSLA,2026-08-04,327.35
TSLA,2026-08-05,321.55
TSLA,2026-08-06,319.53
TSLA,2026-08-07,328.58
TSLA,2026-08-10,330.88
TSLA,2026-08-11,332.81
TSLA,2026-08-12,327.51
TSLA,2026-08-13,339.96
TSLA,2026-08-14,342.27
TSLA,2026-08-17,339.3
TSLA,2026-08-18,336.87
TSLA,2026-08-19,351.12
TSLA,2026-08-20,345.13
TSLA,2026-08-21,362.86
TSLA,2026-08-24,348.95
TSLA,2026-08-25,350.25
TSLA,2026-08-26,345.82
TSLA,2026-08-27,354.81
TSLA,2026-08-28,348.75
TSLA,2026-08-31,367.95
TSLA,2026-09-01,356.09
TSLA,2026-09-02,357.01
TSLA,2026-09-03,376.37
TSLA,2026-09-04,354.08
TSLA,2026-09-08,368.16
TSLA,2026-09-09,367.81
TSLA,2026-09-10,363.56
TSLA,2026-09-11,365.44
TSLA,2026-09-14,358.97
TSLA,2026-09-15,356.58
TSLA,2026-09-16,358.08
TSLA,2026-09-17,366.2
TSLA,2026-09-18,364.27
TSLA,2026-09-21,375.98
GOOGL,2025-09-22,251.87
GOOGL,2025-09-23,251.01
GOOGL,2025-09-24,246.5
GOOGL,2025-09-25,245.15
GOOGL,2025-09-26,245.9
GOOGL,2025-09-29,243.42
GOOGL,2025-09-30,242.47
GOOGL,2025-10-01,244.26
GOOGL,2025-10-02,245.05
GOOGL,2025-10-03,244.71
GOOGL,2025-10-06,249.78
GOOGL,2025-10-07,245.12
GOOGL,2025-10-08,243.99
GOOGL,2025-10-09,240.9
GOOGL,2025-10-10,235.96
GOOGL,2025-10-13,243.52
GOOGL,2025-10-14,244.81
GOOGL,2025-10-15,250.38
GOOGL,2025-10-16,250.81
GOOGL,2025-10-17,252.64
GOOGL,2025-10-20,255.88
GOOGL,2025-10-21,249.81
GOOGL,2025-10-22,251.04
GOOGL,2025-10-23,252.42
GOOGL,2025-10-24,259.25
GOOGL,2025-10-27,268.57
GOOGL,2025-10-28,266.78
GOOGL,2025-10-29,273.86
GOOGL,2025-10-30,280.75
GOOGL,2025-10-31,280.46
GOOGL,2025-11-03,282.98
GOOGL,2025-11-04,276.82
GOOGL,2025-11-05,283.57
GOOGL,2025-11-06,284.01
GOOGL,2025-11-07,278.11
GOOGL,2025-11-10,289.35
GOOGL,2025-11-11,290.55
GOOGL,2025-11-12,285.97
GOOGL,2025-11-13,277.85
GOOGL,2025-11-14,275.69
GOOGL,2025-11-17,284.28
GOOGL,2025-11-18,283.54
GOOGL,2025-11-19,292.05
GOOGL,2025-11-20,288.7
GOOGL,2025-11-21,298.88
GOOGL,2025-11-24,317.75
GOOGL,2025-11-25,322.6
GOOGL,2025-11-26,319.12
GOOGL,2025-11-28,319.35
GOOGL,2025-12-01,314.07
GOOGL,2025-12-02,314.99
GOOGL,2025-12-03,318.8
GOOGL,2025-12-04,316.8
GOOGL,2025-12-05,320.44
GOOGL,2025-12-08,313.11
GOOGL,2025-12-09,316.46
GOOGL,2025-12-10,319.59
GOOGL,2025-12-11,311.82
GOOGL,2025-12-12,308.69
GOOGL,2025-12-15,307.62
GOOGL,2025-12-16,305.97
GOOGL,2025-12-17,296.14
GOOGL,2025-12-18,301.87
GOOGL,2025-12-19,306.56
GOOGL,2025-12-22,309.18
GOOGL,2025-12-23,313.74
GOOGL,2025-12-24,313.48
GOOGL,2025-12-26,312.9
GOOGL,2025-12-29,312.95
GOOGL,2025-12-30,313.24
GOOGL,2025-12-31,312.39
GOOGL,2026-01-02,314.54
GOOGL,2026-01-05,315.93
GOOGL,2026-01-06,313.73
GOOGL,2026-01-07,321.35
GOOGL,2026-01-08,324.81
GOOGL,2026-01-09,327.93
GOOGL,2026-01-12,331.22
GOOGL,2026-01-13,335.32
GOOGL,2026-01-14,335.19
GOOGL,2026-01-15,332.13
GOOGL,2026-01-16,329.36
GOOGL,2026-01-20,321.37
GOOGL,2026-01-21,327.74
GOOGL,2026-01-22,329.9
GOOGL,2026-01-23,327.29
GOOGL,2026-01-26,332.61
GOOGL,2026-01-27,333.9
GOOGL,2026-01-28,335.36
GOOGL,2026-01-29,337.59
GOOGL,2026-01-30,337.34
GOOGL,2026-02-02,343.02
GOOGL,2026-02-03,339.05
GOOGL,2026-02-04,332.39
GOOGL,2026-02-05,330.61
GOOGL,2026-02-06,322.23
GOOGL,2026-02-09,323.69
GOOGL,2026-02-10,317.96
GOOGL,2026-02-11,310.36
GOOGL,2026-02-12,308.4
GOOGL,2026-02-13,305.13
GOOGL,2026-02-17,301.43
GOOGL,2026-02-18,302.74
GOOGL,2026-02-19,302.26
GOOGL,2026-02-20,314.37
GOOGL,2026-02-23,310.89
GOOGL,2026-02-24,310.3
GOOGL,2026-02-25,312.29
GOOGL,2026-02-26,306.78
GOOGL,2026-02-27,311.15
GOOGL,2026-03-02,305.92
GOOGL,2026-03-03,302.99
GOOGL,2026-03-04,302.54
GOOGL,2026-03-05,300.3
GOOGL,2026-03-06,297.94
GOOGL,2026-03-09,305.98
GOOGL,2026-03-10,306.66
GOOGL,2026-03-11,308.32
GOOGL,2026-03-12,303.17
GOOGL,2026-03-13,301.91
GOOGL,2026-03-16,305.18
GOOGL,2026-03-17,310.53
GOOGL,2026-03-18,307.31
GOOGL,2026-03-19,306.75
GOOGL,2026-03-20,300.63
GOOGL,2026-03-23,301.69
GOOGL,2026-03-24,290.08
GOOGL,2026-03-25,290.57
GOOGL,2026-03-26,280.57
GOOGL,2026-03-27,274.0
GOOGL,2026-03-30,273.16
GOOGL,2026-03-31,287.2
GOOGL,2026-04-01,297.02
GOOGL,2026-04-02,295.4
GOOGL,2026-04-06,299.62
GOOGL,2026-04-07,305.08
GOOGL,2026-04-08,316.93
GOOGL,2026-04-09,318.1
GOOGL,2026-04-10,316.85
GOOGL,2026-04-13,320.91
GOOGL,2026-04-14,332.5
GOOGL,2026-04-15,336.7
GOOGL,2026-04-16,335.6
GOOGL,2026-04-17,341.26
GOOGL,2026-04-20,337.0
GOOGL,2026-04-21,331.88
GOOGL,2026-04-22,338.9
GOOGL,2026-04-23,338.47
GOOGL,2026-04-24,343.97
GOOGL,2026-04-27,349.91
GOOGL,2026-04-28,349.35
GOOGL,2026-04-29,349.51
GOOGL,2026-04-30,384.32
GOOGL,2026-05-01,385.21
GOOGL,2026-05-04,382.78
GOOGL,2026-05-05,387.95
GOOGL,2026-05-06,397.55
GOOGL,2026-05-07,397.5
GOOGL,2026-05-08,400.3
GOOGL,2026-05-11,388.16
GOOGL,2026-05-12,386.87
GOOGL,2026-05-13,402.12
GOOGL,2026-05-14,400.57
GOOGL,2026-05-15,396.29
GOOGL,2026-05-18,396.45
GOOGL,2026-05-19,387.18
GOOGL,2026-05-20,388.43
GOOGL,2026-05-21,387.18
GOOGL,2026-05-22,382.5
GOOGL,2026-05-26,388.4
GOOGL,2026-05-27,388.35
GOOGL,2026-05-28,389.65
GOOGL,2026-05-29,379.87
GOOGL,2026-06-01,375.9
GOOGL,2026-06-02,361.4
GOOGL,2026-06-03,358.55
GOOGL,2026-06-04,371.73
GOOGL,2026-06-05,368.07
GOOGL,2026-06-08,363.08
GOOGL,2026-06-09,364.03
GOOGL,2026-06-10,356.15
GOOGL,2026-06-11,357.54
GOOGL,2026-06-12,359.45
GOOGL,2026-06-15,369.11
GOOGL,2026-06-16,373.01
GOOGL,2026-06-17,363.56
GOOGL,2026-06-18,367.79
GOOGL,2026-06-22,349.46
GOOGL,2026-06-23,345.91
GOOGL,2026-06-24,345.07
GOOGL,2026-06-25,343.49
GOOGL,2026-06-26,337.17
GOOGL,2026-06-29,353.42
GOOGL,2026-06-30,357.14
GOOGL,2026-07-01,360.98
GOOGL,2026-07-02,359.68
GOOGL,2026-07-06,366.22
GOOGL,2026-07-07,366.79
GOOGL,2026-07-08,361.69
GOOGL,2026-07-09,358.66
GOOGL,2026-07-10,356.95
GOOGL,2026-07-13,352.28
GOOGL,2026-07-14,359.28
GOOGL,2026-07-15,370.68
GOOGL,2026-07-16,354.23
GOOGL,2026-07-17,346.55
GOOGL,2026-07-20,351.76
GOOGL,2026-07-21,346.93
GOOGL,2026-07-22,341.87
GOOGL,2026-07-23,317.49
GOOGL,2026-07-24,319.53
GOOGL,2026-07-27,326.35
GOOGL,2026-07-28,333.5
GOOGL,2026-07-29,336.49
GOOGL,2026-07-30,333.45
GOOGL,2026-07-31,355.9
GOOGL,2026-08-03,373.27
GOOGL,2026-08-04,377.41
GOOGL,2026-08-05,362.2
GOOGL,2026-08-06,357.52
GOOGL,2026-08-07,354.07
GOOGL,2026-08-10,357.29
GOOGL,2026-08-11,343.58
GOOGL,2026-08-12,343.32
GOOGL,2026-08-13,346.14
GOOGL,2026-08-14,345.68
GOOGL,2026-08-17,343.78
GOOGL,2026-08-18,343.98
GOOGL,2026-08-19,344.5
GOOGL,2026-08-20,340.45
GOOGL,2026-08-21,344.6
GOOGL,2026-08-24,347.84
GOOGL,2026-08-25,346.74
GOOGL,2026-08-26,341.78
GOOGL,2026-08-27,340.43
GOOGL,2026-08-28,346.37
GOOGL,2026-08-31,339.13
GOOGL,2026-09-01,334.8
GOOGL,2026-09-02,336.9
GOOGL,2026-09-03,342.26
GOOGL,2026-09-04,338.46
GOOGL,2026-09-08,338.36
GOOGL,2026-09-09,330.65
GOOGL,2026-09-10,332.6
GOOGL,2026-09-11,338.5
GOOGL,2026-09-14,349.39
GOOGL,2026-09-15,344.98
GOOGL,2026-09-16,342.87
GOOGL,2026-09-17,347.33
GOOGL,2026-09-18,349.54
GOOGL,2026-09-21,355.54
META,2025-09-22,763.18
META,2025-09-23,753.44
META,2025-09-24,758.69
META,2025-09-25,746.97
META,2025-09-26,741.82
META,2025-09-29,741.47
META,2025-09-30,732.47
META,2025-10-01,715.48
META,2025-10-02,725.16
META,2025-10-03,708.72
META,2025-10-06,713.8
META,2025-10-07,711.23
META,2025-10-08,715.98
META,2025-10-09,731.61
META,2025-10-10,703.47
META,2025-10-13,713.84
META,2025-10-14,706.81
META,2025-10-15,715.69
META,2025-10-16,710.22
META,2025-10-17,715.06
META,2025-10-20,730.27
META,2025-10-21,731.37
META,2025-10-22,731.51
META,2025-10-23,732.1
META,2025-10-24,736.44
META,2025-10-27,748.87
META,2025-10-28,749.49
META,2025-10-29,749.72
META,2025-10-30,664.74
META,2025-10-31,646.67
META,2025-11-03,636.06
META,2025-11-04,625.69
META,2025-11-05,634.3
META,2025-11-06,617.33
META,2025-11-07,620.1
META,2025-11-10,630.12
META,2025-11-11,625.45
META,2025-11-12,607.43
META,2025-11-13,608.31
META,2025-11-14,607.88
META,2025-11-17,600.45
META,2025-11-18,596.14
META,2025-11-19,588.79
META,2025-11-20,587.62
META,2025-11-21,592.71
META,2025-11-24,611.46
META,2025-11-25,634.57
META,2025-11-26,631.97
META,2025-11-28,646.27
META,2025-12-01,639.21
META,2025-12-02,645.42
META,2025-12-03,637.94
META,2025-12-04,659.81
META,2025-12-05,671.67
META,2025-12-08,665.07
META,2025-12-09,655.26
META,2025-12-10,648.44
META,2025-12-11,651.02
META,2025-12-12,642.56
META,2025-12-15,646.36
META,2025-12-16,655.98
META,2025-12-17,648.34
META,2025-12-18,663.27
META,2025-12-19,657.6
META,2025-12-22,660.32
META,2025-12-23,663.76
META,2025-12-24,666.36
META,2025-12-26,662.11
META,2025-12-29,657.52
META,2025-12-30,664.76
META,2025-12-31,658.91
META,2026-01-02,649.25
META,2026-01-05,657.62
META,2026-01-06,659.44
META,2026-01-07,647.53
META,2026-01-08,644.91
META,2026-01-09,651.9
META,2026-01-12,640.83
META,2026-01-13,629.97
META,2026-01-14,614.42
META,2026-01-15,619.69
META,2026-01-16,619.15
META,2026-01-20,603.04
META,2026-01-21,611.87
META,2026-01-22,646.48
META,2026-01-23,657.59
META,2026-01-26,671.16
META,2026-01-27,671.77
META,2026-01-28,667.54
META,2026-01-29,737.0
META,2026-01-30,715.22
META,2026-02-02,705.15
META,2026-02-03,690.47
META,2026-02-04,667.8
META,2026-02-05,669.02
META,2026-02-06,660.28
META,2026-02-09,676.01
META,2026-02-10,669.53
META,2026-02-11,667.5
META,2026-02-12,648.65
META,2026-02-13,638.63
META,2026-02-17,638.15
META,2026-02-18,642.07
META,2026-02-19,643.63
META,2026-02-20,654.49
META,2026-02-23,636.12
META,2026-02-24,638.16
META,2026-02-25,652.53
META,2026-02-26,655.84
META,2026-02-27,647.03
META,2026-03-02,652.4
META,2026-03-03,653.91
META,2026-03-04,666.54
META,2026-03-05,659.39
META,2026-03-06,643.71
META,2026-03-09,646.24
META,2026-03-10,652.91
META,2026-03-11,653.69
META,2026-03-12,637.04
META,2026-03-13,612.62
META,2026-03-16,626.87
META,2026-03-17,622.08
META,2026-03-18,615.11
META,2026-03-19,606.14
META,2026-03-20,593.11
META,2026-03-23,603.5
META,2026-03-24,592.37
META,2026-03-25,594.34
META,2026-03-26,547.03
META,2026-03-27,525.23
META,2026-03-30,535.88
META,2026-03-31,571.6
META,2026-04-01,578.69
META,2026-04-02,573.93
META,2026-04-06,572.49
META,2026-04-07,574.52
META,2026-04-08,611.85
META,2026-04-09,627.81
META,2026-04-10,629.28
META,2026-04-13,633.94
META,2026-04-14,661.88
META,2026-04-15,670.96
META,2026-04-16,676.24
META,2026-04-17,687.91
META,2026-04-20,670.29
META,2026-04-21,668.22
META,2026-04-22,674.1
META,2026-04-23,658.54
META,2026-04-24,674.4
META,2026-04-27,677.99
META,2026-04-28,670.72
META,2026-04-29,668.5
META,2026-04-30,611.34
META,2026-05-01,608.19
META,2026-05-04,609.84
META,2026-05-05,604.4
META,2026-05-06,612.31
META,2026-05-07,616.24
META,2026-05-08,609.07
META,2026-05-11,598.31
META,2026-05-12,602.44
META,2026-05-13,616.06
META,2026-05-14,617.86
META,2026-05-15,613.66
META,2026-05-18,610.64
META,2026-05-19,602.05
META,2026-05-20,604.5
META,2026-05-21,606.82
META,2026-05-22,609.69
META,2026-05-26,611.77
META,2026-05-27,634.67
META,2026-05-28,634.7
META,2026-05-29,631.92
META,2026-06-01,599.91
META,2026-06-02,597.08
META,2026-06-03,622.4
META,2026-06-04,626.99
META,2026-06-05,592.45
META,2026-06-08,584.85
META,2026-06-09,584.05
META,2026-06-10,570.45
META,2026-06-11,567.9
META,2026-06-12,566.45
META,2026-06-15,593.48
META,2026-06-16,600.21
META,2026-06-17,567.58
META,2026-06-18,577.22
META,2026-06-22,563.85
META,2026-06-23,562.2
META,2026-06-24,557.67
META,2026-06-25,542.87
META,2026-06-26,550.25
META,2026-06-29,562.6
META,2026-06-30,563.29
META,2026-07-01,612.91
META,2026-07-02,582.9
META,2026-07-06,600.29
META,2026-07-07,615.58
META,2026-07-08,603.12
META,2026-07-09,631.48
META,2026-07-10,669.21
META,2026-07-13,656.73
META,2026-07-14,661.04
META,2026-07-15,681.31
META,2026-07-16,664.54
META,2026-07-17,646.01
META,2026-07-20,645.85
META,2026-07-21,643.81
META,2026-07-22,627.17
META,2026-07-23,606.1
META,2026-07-24,595.19
META,2026-07-27,593.87
META,2026-07-28,593.41
META,2026-07-29,585.61
META,2026-07-30,539.03
META,2026-07-31,556.71
META,2026-08-03,590.24
META,2026-08-04,587.94
META,2026-08-05,588.77
META,2026-08-06,589.9
META,2026-08-07,592.1
META,2026-08-10,594.92
META,2026-08-11,599.12
META,2026-08-12,578.85
META,2026-08-13,594.97
META,2026-08-14,589.85
META,2026-08-17,568.97
META,2026-08-18,543.67
META,2026-08-19,546.03
META,2026-08-20,545.83
META,2026-08-21,549.9
META,2026-08-24,559.02
META,2026-08-25,570.05
META,2026-08-26,576.14
META,2026-08-27,571.1
META,2026-08-28,578.02
META,2026-08-31,572.34
META,2026-09-01,578.54
META,2026-09-02,592.85
META,2026-09-03,610.68
META,2026-09-04,616.77
META,2026-09-08,613.48
META,2026-09-09,653.69
META,2026-09-10,644.38
META,2026-09-11,648.03
META,2026-09-14,665.6
META,2026-09-15,670.24
META,2026-09-16,673.31
META,2026-09-17,682.31
META,2026-09-18,665.75
META,2026-09-21,744.79
NFLX,2025-09-22,122.74
NFLX,2025-09-23,121.85
NFLX,2025-09-24,120.39
NFLX,2025-09-25,120.82
NFLX,2025-09-26,121.06
NFLX,2025-09-29,120.64
NFLX,2025-09-30,119.89
NFLX,2025-10-01,117.09
NFLX,2025-10-02,116.25
NFLX,2025-10-03,115.33
NFLX,2025-10-06,116.33
NFLX,2025-10-07,119.11
NFLX,2025-10-08,121.43
NFLX,2025-10-09,123.11
NFLX,2025-10-10,122.01
NFLX,2025-10-13,121.9
NFLX,2025-10-14,121.54
NFLX,2025-10-15,120.33
NFLX,2025-10-16,118.36
NFLX,2025-10-17,119.94
NFLX,2025-10-20,123.86
NFLX,2025-10-21,124.14
NFLX,2025-10-22,111.64
NFLX,2025-10-23,111.36
NFLX,2025-10-24,109.47
NFLX,2025-10-27,109.46
NFLX,2025-10-28,110.25
NFLX,2025-10-29,110.04
NFLX,2025-10-30,108.9
NFLX,2025-10-31,111.89
NFLX,2025-11-03,110.01
NFLX,2025-11-04,109.3
NFLX,2025-11-05,109.85
NFLX,2025-11-06,109.7
NFLX,2025-11-07,110.37
NFLX,2025-11-10,112.01
NFLX,2025-11-11,113.64
NFLX,2025-11-12,115.75
NFLX,2025-11-13,115.42
NFLX,2025-11-14,111.22
NFLX,2025-11-17,110.29
NFLX,2025-11-18,114.09
NFLX,2025-11-19,110.0
NFLX,2025-11-20,105.67
NFLX,2025-11-21,104.31
NFLX,2025-11-24,106.97
NFLX,2025-11-25,104.4
NFLX,2025-11-26,106.14
NFLX,2025-11-28,107.58
NFLX,2025-12-01,109.13
NFLX,2025-12-02,109.35
NFLX,2025-12-03,103.96
NFLX,2025-12-04,103.22
NFLX,2025-12-05,100.24
NFLX,2025-12-08,96.79
NFLX,2025-12-09,96.71
NFLX,2025-12-10,92.71
NFLX,2025-12-11,94.09
NFLX,2025-12-12,95.19
NFLX,2025-12-15,93.77
NFLX,2025-12-16,94.57
NFLX,2025-12-17,94.79
NFLX,2025-12-18,94.0
NFLX,2025-12-19,94.39
NFLX,2025-12-22,93.23
NFLX,2025-12-23,93.5
NFLX,2025-12-24,93.64
NFLX,2025-12-26,94.47
NFLX,2025-12-29,94.15
NFLX,2025-12-30,93.78
NFLX,2025-12-31,93.76
NFLX,2026-01-02,90.99
NFLX,2026-01-05,91.46
NFLX,2026-01-06,90.65
NFLX,2026-01-07,90.73
NFLX,2026-01-08,90.53
NFLX,2026-01-09,89.46
NFLX,2026-01-12,89.41
NFLX,2026-01-13,90.32
NFLX,2026-01-14,88.55
NFLX,2026-01-15,88.05
NFLX,2026-01-16,88.0
NFLX,2026-01-20,87.26
NFLX,2026-01-21,85.36
NFLX,2026-01-22,83.54
NFLX,2026-01-23,86.12
NFLX,2026-01-26,85.7
NFLX,2026-01-27,85.58
NFLX,2026-01-28,84.64
NFLX,2026-01-29,83.16
NFLX,2026-01-30,83.49
NFLX,2026-02-02,82.76
NFLX,2026-02-03,79.94
NFLX,2026-02-04,80.16
NFLX,2026-02-05,80.87
NFLX,2026-02-06,82.2
NFLX,2026-02-09,81.47
NFLX,2026-02-10,82.21
NFLX,2026-02-11,79.62
NFLX,2026-02-12,75.86
NFLX,2026-02-13,76.87
NFLX,2026-02-17,77.0
NFLX,2026-02-18,77.99
NFLX,2026-02-19,77.0
NFLX,2026-02-20,78.67
NFLX,2026-02-23,76.02
NFLX,2026-02-24,78.04
NFLX,2026-02-25,82.7
NFLX,2026-02-26,84.59
NFLX,2026-02-27,96.24
NFLX,2026-03-02,97.09
NFLX,2026-03-03,97.7
NFLX,2026-03-04,98.66
NFLX,2026-03-05,99.17
NFLX,2026-03-06,99.02
NFLX,2026-03-09,98.32
NFLX,2026-03-10,96.94
NFLX,2026-03-11,94.89
NFLX,2026-03-12,94.31
NFLX,2026-03-13,95.31
NFLX,2026-03-16,95.2
NFLX,2026-03-17,94.36
NFLX,2026-03-18,94.7
NFLX,2026-03-19,91.74
NFLX,2026-03-20,91.82
NFLX,2026-03-23,93.38
NFLX,2026-03-24,90.92
NFLX,2026-03-25,92.28
NFLX,2026-03-26,93.32
NFLX,2026-03-27,93.43
NFLX,2026-03-30,92.97
NFLX,2026-03-31,96.15
NFLX,2026-04-01,95.55
NFLX,2026-04-02,98.66
NFLX,2026-04-06,98.93
NFLX,2026-04-07,98.82
NFLX,2026-04-08,99.39
NFLX,2026-04-09,102.05
NFLX,2026-04-10,103.01
NFLX,2026-04-13,103.16
NFLX,2026-04-14,106.28
NFLX,2026-04-15,107.71
NFLX,2026-04-16,107.79
NFLX,2026-04-17,97.31
NFLX,2026-04-20,94.83
NFLX,2026-04-21,92.58
NFLX,2026-04-22,93.24
NFLX,2026-04-23,92.82
NFLX,2026-04-24,92.44
NFLX,2026-04-27,91.37
NFLX,2026-04-28,92.27
NFLX,2026-04-29,92.12
NFLX,2026-04-30,93.61
NFLX,2026-05-01,92.06
NFLX,2026-05-04,91.02
NFLX,2026-05-05,87.89
NFLX,2026-05-06,88.27
NFLX,2026-05-07,88.25
NFLX,2026-05-08,87.49
NFLX,2026-05-11,85.45
NFLX,2026-05-12,87.66
NFLX,2026-05-13,87.56
NFLX,2026-05-14,86.94
NFLX,2026-05-15,87.02
NFLX,2026-05-18,89.65
NFLX,2026-05-19,89.33
NFLX,2026-05-20,88.09
NFLX,2026-05-21,89.3
NFLX,2026-05-22,88.6
NFLX,2026-05-26,87.68
NFLX,2026-05-27,87.35
NFLX,2026-05-28,86.36
NFLX,2026-05-29,86.02
NFLX,2026-06-01,85.85
NFLX,2026-06-02,83.33
NFLX,2026-06-03,81.52
NFLX,2026-06-04,81.56
NFLX,2026-06-05,82.18
NFLX,2026-06-08,82.64
NFLX,2026-06-09,81.41
NFLX,2026-06-10,82.0
NFLX,2026-06-11,81.27
NFLX,2026-06-12,80.34
NFLX,2026-06-15,81.67
NFLX,2026-06-16,78.72
NFLX,2026-06-17,76.96
NFLX,2026-06-18,77.38
NFLX,2026-06-22,72.88
NFLX,2026-06-23,72.82
NFLX,2026-06-24,71.84
NFLX,2026-06-25,70.9
NFLX,2026-06-26,73.81
NFLX,2026-06-29,73.78
NFLX,2026-06-30,71.4
NFLX,2026-07-01,74.19
NFLX,2026-07-02,77.65
NFLX,2026-07-06,76.02
NFLX,2026-07-07,76.18
NFLX,2026-07-08,75.59
NFLX,2026-07-09,75.47
NFLX,2026-07-10,73.37
NFLX,2026-07-13,73.83
NFLX,2026-07-14,73.53
NFLX,2026-07-15,73.68
NFLX,2026-07-16,74.35
NFLX,2026-07-17,68.95
NFLX,2026-07-20,67.6
NFLX,2026-07-21,68.67
NFLX,2026-07-22,68.53
NFLX,2026-07-23,68.89
NFLX,2026-07-24,70.09
NFLX,2026-07-27,70.4
NFLX,2026-07-28,72.39
NFLX,2026-07-29,73.63
NFLX,2026-07-30,73.17
NFLX,2026-07-31,71.71
NFLX,2026-08-03,73.33
NFLX,2026-08-04,73.57
NFLX,2026-08-05,74.2
NFLX,2026-08-06,73.69
NFLX,2026-08-07,74.14
NFLX,2026-08-10,76.29
NFLX,2026-08-11,74.79
NFLX,2026-08-12,74.21
NFLX,2026-08-13,78.24
NFLX,2026-08-14,78.16
NFLX,2026-08-17,76.02
NFLX,2026-08-18,77.77
NFLX,2026-08-19,80.22
NFLX,2026-08-20,80.14
NFLX,2026-08-21,79.59
NFLX,2026-08-24,80.01
NFLX,2026-08-25,82.23
NFLX,2026-08-26,81.46
NFLX,2026-08-27,79.84
NFLX,2026-08-28,81.72
NFLX,2026-08-31,81.05
NFLX,2026-09-01,80.81
NFLX,2026-09-02,82.73
NFLX,2026-09-03,82.67
NFLX,2026-09-04,78.25
NFLX,2026-09-08,76.77
NFLX,2026-09-09,76.03
NFLX,2026-09-10,76.01
NFLX,2026-09-11,77.4
NFLX,2026-09-14,80.32
NFLX,2026-09-15,77.9
NFLX,2026-09-16,76.41
NFLX,2026-09-17,75.31
NFLX,2026-09-18,71.79
NFLX,2026-09-21,73.58
DIS,2025-09-22,110.95
DIS,2025-09-23,110.65
DIS,2025-09-24,111.81
DIS,2025-09-25,111.38
DIS,2025-09-26,111.85
DIS,2025-09-29,113.14
DIS,2025-09-30,112.87
DIS,2025-10-01,111.34
DIS,2025-10-02,110.54
DIS,2025-10-03,110.86
DIS,2025-10-06,111.14
DIS,2025-10-07,110.92
DIS,2025-10-08,110.29
DIS,2025-10-09,109.41
DIS,2025-10-10,107.63
DIS,2025-10-13,108.7
DIS,2025-10-14,109.58
DIS,2025-10-15,110.12
DIS,2025-10-16,108.31
DIS,2025-10-17,109.09
DIS,2025-10-20,110.36
DIS,2025-10-21,112.67
DIS,2025-10-22,111.47
DIS,2025-10-23,111.42
DIS,2025-10-24,110.09
DIS,2025-10-27,110.74
DIS,2025-10-28,110.06
DIS,2025-10-29,108.67
DIS,2025-10-30,110.24
DIS,2025-10-31,111.01
DIS,2025-11-03,110.52
DIS,2025-11-04,109.88
DIS,2025-11-05,109.77
DIS,2025-11-06,108.91
DIS,2025-11-07,109.16
DIS,2025-11-10,110.64
DIS,2025-11-11,113.21
DIS,2025-11-12,114.98
DIS,2025-11-13,106.07
DIS,2025-11-14,104.29
DIS,2025-11-17,104.18
DIS,2025-11-18,104.76
DIS,2025-11-19,103.18
DIS,2025-11-20,101.23
DIS,2025-11-21,102.79
DIS,2025-11-24,100.48
DIS,2025-11-25,101.84
DIS,2025-11-26,101.95
DIS,2025-11-28,102.98
DIS,2025-12-01,105.25
DIS,2025-12-02,103.33
DIS,2025-12-03,104.23
DIS,2025-12-04,103.96
DIS,2025-12-05,103.8
DIS,2025-12-08,106.09
DIS,2025-12-09,105.49
DIS,2025-12-10,107.28
DIS,2025-12-11,109.87
DIS,2025-12-12,110.01
DIS,2025-12-15,109.65
DIS,2025-12-16,110.77
DIS,2025-12-17,109.79
DIS,2025-12-18,111.02
DIS,2025-12-19,110.39
DIS,2025-12-22,111.53
DIS,2025-12-23,112.36
DIS,2025-12-24,113.61
DIS,2025-12-26,112.7
DIS,2025-12-29,113.32
DIS,2025-12-30,113.92
DIS,2025-12-31,112.9
DIS,2026-01-02,111.0
DIS,2026-01-05,113.2
DIS,2026-01-06,113.7
DIS,2026-01-07,112.05
DIS,2026-01-08,113.3
DIS,2026-01-09,115.0
DIS,2026-01-12,111.96
DIS,2026-01-13,112.12
DIS,2026-01-14,112.67
DIS,2026-01-15,112.55
DIS,2026-01-16,110.35
DIS,2026-01-20,109.5
DIS,2026-01-21,112.33
DIS,2026-01-22,112.35
DIS,2026-01-23,110.14
DIS,2026-01-26,110.46
DIS,2026-01-27,109.77
DIS,2026-01-28,108.73
DIS,2026-01-29,110.73
DIS,2026-01-30,111.94
DIS,2026-02-02,103.66
DIS,2026-02-03,103.43
DIS,2026-02-04,106.24
DIS,2026-02-05,104.17
DIS,2026-02-06,107.87
DIS,2026-02-09,106.32
DIS,2026-02-10,109.12
DIS,2026-02-11,107.3
DIS,2026-02-12,101.6
DIS,2026-02-13,104.65
DIS,2026-02-17,104.64
DIS,2026-02-18,106.29
DIS,2026-02-19,105.19
DIS,2026-02-20,104.78
DIS,2026-02-23,103.62
DIS,2026-02-24,105.24
DIS,2026-02-25,104.25
DIS,2026-02-26,104.75
DIS,2026-02-27,105.23
DIS,2026-03-02,103.54
DIS,2026-03-03,102.51
DIS,2026-03-04,102.26
DIS,2026-03-05,101.63
DIS,2026-03-06,100.77
DIS,2026-03-09,100.89
DIS,2026-03-10,100.55
DIS,2026-03-11,100.12
DIS,2026-03-12,98.67
DIS,2026-03-13,98.53
DIS,2026-03-16,97.91
DIS,2026-03-17,99.54
DIS,2026-03-18,98.66
DIS,2026-03-19,98.45
DIS,2026-03-20,98.75
DIS,2026-03-23,97.21
DIS,2026-03-24,95.66
DIS,2026-03-25,95.22
DIS,2026-03-26,94.03
DIS,2026-03-27,91.72
DIS,2026-03-30,93.6
DIS,2026-03-31,95.65
DIS,2026-04-01,95.83
DIS,2026-04-02,95.88
DIS,2026-04-06,95.55
DIS,2026-04-07,95.05
DIS,2026-04-08,98.43
DIS,2026-04-09,99.03
DIS,2026-04-10,98.42
DIS,2026-04-13,100.41
DIS,2026-04-14,101.81
DIS,2026-04-15,102.26
DIS,2026-04-16,103.11
DIS,2026-04-17,105.48
DIS,2026-04-20,105.49
DIS,2026-04-21,103.5
DIS,2026-04-22,104.02
DIS,2026-04-23,102.86
DIS,2026-04-24,101.82
DIS,2026-04-27,101.57
DIS,2026-04-28,100.7
DIS,2026-04-29,100.53
DIS,2026-04-30,102.96
DIS,2026-05-01,102.3
DIS,2026-05-04,100.54
DIS,2026-05-05,99.72
DIS,2026-05-06,107.24
DIS,2026-05-07,107.83
DIS,2026-05-08,107.2
DIS,2026-05-11,103.92
DIS,2026-05-12,105.35
DIS,2026-05-13,104.1
DIS,2026-05-14,104.62
DIS,2026-05-15,101.94
DIS,2026-05-18,103.12
DIS,2026-05-19,101.51
DIS,2026-05-20,103.29
DIS,2026-05-21,102.79
DIS,2026-05-22,102.22
DIS,2026-05-26,102.49
DIS,2026-05-27,103.39
DIS,2026-05-28,102.94
DIS,2026-05-29,101.06
DIS,2026-06-01,102.07
DIS,2026-06-02,100.64
DIS,2026-06-03,98.63
DIS,2026-06-04,98.58
DIS,2026-06-05,98.95
DIS,2026-06-08,98.12
DIS,2026-06-09,98.57
DIS,2026-06-10,97.86
DIS,2026-06-11,99.58
DIS,2026-06-12,99.28
DIS,2026-06-15,100.92
DIS,2026-06-16,100.51
DIS,2026-06-17,100.09
DIS,2026-06-18,103.1
DIS,2026-06-22,101.67
DIS,2026-06-23,102.74
DIS,2026-06-24,100.35
DIS,2026-06-25,97.3
DIS,2026-06-26,98.04
DIS,2026-06-29,97.88
DIS,2026-06-30,96.25
DIS,2026-07-01,95.71
DIS,2026-07-02,99.5
DIS,2026-07-06,97.41
DIS,2026-07-07,97.48
DIS,2026-07-08,96.7
DIS,2026-07-09,96.17
DIS,2026-07-10,95.62
DIS,2026-07-13,96.0
DIS,2026-07-14,95.87
DIS,2026-07-15,97.15
DIS,2026-07-16,99.71
DIS,2026-07-17,97.67
DIS,2026-07-20,96.41
DIS,2026-07-21,96.14
DIS,2026-07-22,95.87
DIS,2026-07-23,92.83
DIS,2026-07-24,94.85
DIS,2026-07-27,96.65
DIS,2026-07-28,98.89
DIS,2026-07-29,98.48
DIS,2026-07-30,96.16
DIS,2026-07-31,96.19
DIS,2026-08-03,98.14
DIS,2026-08-04,98.18
DIS,2026-08-05,101.76
DIS,2026-08-06,104.68
DIS,2026-08-07,104.91
DIS,2026-08-10,103.18
DIS,2026-08-11,103.53
DIS,2026-08-12,103.22
DIS,2026-08-13,104.8
DIS,2026-08-14,106.85
DIS,2026-08-17,103.5
DIS,2026-08-18,103.95
DIS,2026-08-19,106.93
DIS,2026-08-20,107.32
DIS,2026-08-21,107.78
DIS,2026-08-24,110.61
DIS,2026-08-25,111.25
DIS,2026-08-26,109.63
DIS,2026-08-27,106.82
DIS,2026-08-28,108.1
DIS,2026-08-31,107.55
DIS,2026-09-01,106.22
DIS,2026-09-02,107.98
DIS,2026-09-03,107.16
DIS,2026-09-04,105.31
DIS,2026-09-08,105.06
DIS,2026-09-09,104.18
DIS,2026-09-10,105.82
DIS,2026-09-11,106.55
DIS,2026-09-14,108.59
DIS,2026-09-15,106.42
DIS,2026-09-16,106.99
DIS,2026-09-17,105.35
DIS,2026-09-18,102.67
DIS,2026-09-21,104.29
HOG,2025-09-22,27.81
HOG,2025-09-23,27.88
HOG,2025-09-24,27.94
HOG,2025-09-25,27.2
HOG,2025-09-26,27.88
HOG,2025-09-29,27.77
HOG,2025-09-30,26.99
HOG,2025-10-01,27.29
HOG,2025-10-02,27.3
HOG,2025-10-03,27.45
HOG,2025-10-06,25.68
HOG,2025-10-07,26.01
HOG,2025-10-08,26.05
HOG,2025-10-09,25.64
HOG,2025-10-10,25.21
HOG,2025-10-13,25.42
HOG,2025-10-14,26.12
HOG,2025-10-15,26.02
HOG,2025-10-16,25.93
HOG,2025-10-17,25.87
HOG,2025-10-20,25.81
HOG,2025-10-21,26.41
HOG,2025-10-22,26.23
HOG,2025-10-23,26.73
HOG,2025-10-24,27.29
HOG,2025-10-27,26.1
HOG,2025-10-28,26.47
HOG,2025-10-29,26.07
HOG,2025-10-30,25.78
HOG,2025-10-31,26.1
HOG,2025-11-03,26.23
HOG,2025-11-04,24.54
HOG,2025-11-05,24.6
HOG,2025-11-06,24.32
HOG,2025-11-07,24.76
HOG,2025-11-10,24.42
HOG,2025-11-11,24.51
HOG,2025-11-12,24.38
HOG,2025-11-13,24.0
HOG,2025-11-14,23.91
HOG,2025-11-17,23.11
HOG,2025-11-18,22.98
HOG,2025-11-19,22.21
HOG,2025-11-20,21.55
HOG,2025-11-21,22.68
HOG,2025-11-24,23.22
HOG,2025-11-25,23.41
HOG,2025-11-26,23.61
HOG,2025-11-28,23.69
HOG,2025-12-01,23.39
HOG,2025-12-02,23.42
HOG,2025-12-03,23.64
HOG,2025-12-04,22.96
HOG,2025-12-05,22.6
HOG,2025-12-08,21.78
HOG,2025-12-09,21.33
HOG,2025-12-10,21.89
HOG,2025-12-11,21.8
HOG,2025-12-12,21.06
HOG,2025-12-15,20.84
HOG,2025-12-16,20.72
HOG,2025-12-17,20.68
HOG,2025-12-18,20.71
HOG,2025-12-19,20.72
HOG,2025-12-22,20.38
HOG,2025-12-23,20.22
HOG,2025-12-24,20.38
HOG,2025-12-26,20.48
HOG,2025-12-29,20.31
HOG,2025-12-30,20.31
HOG,2025-12-31,19.98
HOG,2026-01-02,20.13
HOG,2026-01-05,20.01
HOG,2026-01-06,20.77
HOG,2026-01-07,20.36
HOG,2026-01-08,20.63
HOG,2026-01-09,20.9
HOG,2026-01-12,20.31
HOG,2026-01-13,20.58
HOG,2026-01-14,20.53
HOG,2026-01-15,20.55
HOG,2026-01-16,19.98
HOG,2026-01-20,19.6
HOG,2026-01-21,20.03
HOG,2026-01-22,20.27
HOG,2026-01-23,19.8
HOG,2026-01-26,19.52
HOG,2026-01-27,19.48
HOG,2026-01-28,19.39
HOG,2026-01-29,19.22
HOG,2026-01-30,19.31
HOG,2026-02-02,19.08
HOG,2026-02-03,19.43
HOG,2026-02-04,20.0
HOG,2026-02-05,19.59
HOG,2026-02-06,19.98
HOG,2026-02-09,19.64
HOG,2026-02-10,20.42
HOG,2026-02-11,20.07
HOG,2026-02-12,19.21
HOG,2026-02-13,19.91
HOG,2026-02-17,19.85
HOG,2026-02-18,20.07
HOG,2026-02-19,19.78
HOG,2026-02-20,19.61
HOG,2026-02-23,18.89
HOG,2026-02-24,18.98
HOG,2026-02-25,18.22
HOG,2026-02-26,17.94
HOG,2026-02-27,17.55
HOG,2026-03-02,17.51
HOG,2026-03-03,18.22
HOG,2026-03-04,19.18
HOG,2026-03-05,18.8
HOG,2026-03-06,18.93
HOG,2026-03-09,18.5
HOG,2026-03-10,18.64
HOG,2026-03-11,17.94
HOG,2026-03-12,17.71
HOG,2026-03-13,17.38
HOG,2026-03-16,17.56
HOG,2026-03-17,17.26
HOG,2026-03-18,16.94
HOG,2026-03-19,17.35
HOG,2026-03-20,17.33
HOG,2026-03-23,17.53
HOG,2026-03-24,18.34
HOG,2026-03-25,18.2
HOG,2026-03-26,19.21
HOG,2026-03-27,19.19
HOG,2026-03-30,19.16
HOG,2026-03-31,19.93
HOG,2026-04-01,20.04
HOG,2026-04-02,20.56
HOG,2026-04-06,20.7
HOG,2026-04-07,20.87
HOG,2026-04-08,21.02
HOG,2026-04-09,22.33
HOG,2026-04-10,22.46
HOG,2026-04-13,22.56
HOG,2026-04-14,22.84
HOG,2026-04-15,22.53
HOG,2026-04-16,22.12
HOG,2026-04-17,23.15
HOG,2026-04-20,23.6
HOG,2026-04-21,23.92
HOG,2026-04-22,22.6
HOG,2026-04-23,23.04
HOG,2026-04-24,22.78
HOG,2026-04-27,22.64
HOG,2026-04-28,23.07
HOG,2026-04-29,23.28
HOG,2026-04-30,23.55
HOG,2026-05-01,24.13
HOG,2026-05-04,22.87
HOG,2026-05-05,24.75
HOG,2026-05-06,23.5
HOG,2026-05-07,23.3
HOG,2026-05-08,25.05
HOG,2026-05-11,25.16
HOG,2026-05-12,24.96
HOG,2026-05-13,25.23
HOG,2026-05-14,25.28
HOG,2026-05-15,24.83
HOG,2026-05-18,24.0
HOG,2026-05-19,23.02
HOG,2026-05-20,23.51
HOG,2026-05-21,22.87
HOG,2026-05-22,23.39
HOG,2026-05-26,22.87
HOG,2026-05-27,23.8
HOG,2026-05-28,23.76
HOG,2026-05-29,23.83
HOG,2026-06-01,24.0
HOG,2026-06-02,24.27
HOG,2026-06-03,23.9
HOG,2026-06-04,24.0
HOG,2026-06-05,24.14
HOG,2026-06-08,24.74
HOG,2026-06-09,25.32
HOG,2026-06-10,24.25
HOG,2026-06-11,25.56
HOG,2026-06-12,25.47
HOG,2026-06-15,25.89
HOG,2026-06-16,25.45
HOG,2026-06-17,25.24
HOG,2026-06-18,25.5
HOG,2026-06-22,24.52
HOG,2026-06-23,25.41
HOG,2026-06-24,25.38
HOG,2026-06-25,25.29
HOG,2026-06-26,25.02
HOG,2026-06-29,24.06
HOG,2026-06-30,24.29
HOG,2026-07-01,23.99
HOG,2026-07-02,24.79
HOG,2026-07-06,25.15
HOG,2026-07-07,25.71
HOG,2026-07-08,25.19
HOG,2026-07-09,24.68
HOG,2026-07-10,24.97
HOG,2026-07-13,25.22
HOG,2026-07-14,24.91
HOG,2026-07-15,25.77
HOG,2026-07-16,26.63
HOG,2026-07-17,26.4
HOG,2026-07-20,27.63
HOG,2026-07-21,28.26
HOG,2026-07-22,27.43
HOG,2026-07-23,26.34
HOG,2026-07-24,25.32
HOG,2026-07-27,24.62
HOG,2026-07-28,25.12
HOG,2026-07-29,24.66
HOG,2026-07-30,24.47
HOG,2026-07-31,24.37
HOG,2026-08-03,25.14
HOG,2026-08-04,26.33
HOG,2026-08-05,26.01
HOG,2026-08-06,25.52
HOG,2026-08-07,25.83
HOG,2026-08-10,25.91
HOG,2026-08-11,26.54
HOG,2026-08-12,25.79
HOG,2026-08-13,27.66
HOG,2026-08-14,27.59
HOG,2026-08-17,26.85
HOG,2026-08-18,27.04
HOG,2026-08-19,27.47
HOG,2026-08-20,27.44
HOG,2026-08-21,28.01
HOG,2026-08-24,28.1
HOG,2026-08-25,27.3
HOG,2026-08-26,27.66
HOG,2026-08-27,27.65
HOG,2026-08-28,27.91
HOG,2026-08-31,27.41
HOG,2026-09-01,26.96
HOG,2026-09-02,27.62
HOG,2026-09-03,27.48
HOG,2026-09-04,28.11
HOG,2026-09-08,26.99
HOG,2026-09-09,26.49
HOG,2026-09-10,26.78
HOG,2026-09-11,27.68
HOG,2026-09-14,27.4
HOG,2026-09-15,27.57
HOG,2026-09-16,26.84
HOG,2026-09-17,26.5
HOG,2026-09-18,25.93
HOG,2026-09-21,26.33
